-- Adminer 4.8.1 MySQL 11.1.2-MariaDB-1:11.1.2+maria~ubu2204 dump

SET NAMES utf8;
SET time_zone = '+00:00';
SET foreign_key_checks = 0;
SET sql_mode = 'NO_AUTO_VALUE_ON_ZERO';

SET NAMES utf8mb4;

INSERT INTO `Forums` (`id`, `name`) VALUES
(1,	'Forum 1'),
(2,	'Forum 2'),
(3,	'Forum 3'),
(4,	'Forum 4'),
(5,	'Forum 5'),
(6,	'Forum 6'),
(7,	'Forum 7'),
(8,	'Forum 8'),
(9,	'Forum 9'),
(10,	'Forum 10');

INSERT INTO `Messages` (`id`, `sujet_id`, `timestamp`, `user_id`, `contenu`) VALUES
(1,	1,	'2024-03-27 12:42:54',	3,	'Message 1 du sujet 1'),
(2,	1,	'2024-03-27 12:52:54',	4,	'Message 2 du sujet 1'),
(3,	1,	'2024-03-27 13:02:54',	5,	'Message 3 du sujet 1'),
(4,	1,	'2024-03-27 13:12:54',	6,	'Message 4 du sujet 1'),
(5,	1,	'2024-03-27 13:22:54',	7,	'Message 5 du sujet 1'),
(6,	1,	'2024-03-27 13:32:54',	8,	'Message 6 du sujet 1'),
(7,	1,	'2024-03-27 13:42:54',	9,	'Message 7 du sujet 1'),
(8,	1,	'2024-03-27 13:52:54',	10,	'Message 8 du sujet 1'),
(9,	1,	'2024-03-27 14:02:54',	1,	'Message 9 du sujet 1'),
(10,	1,	'2024-03-27 14:12:54',	2,	'Message 10 du sujet 1'),
(11,	11,	'2024-03-27 12:42:54',	3,	'Message 1 du sujet 11'),
(12,	11,	'2024-03-27 12:52:54',	4,	'Message 2 du sujet 11'),
(13,	11,	'2024-03-27 13:02:54',	5,	'Message 3 du sujet 11'),
(14,	11,	'2024-03-27 13:12:54',	6,	'Message 4 du sujet 11'),
(15,	11,	'2024-03-27 13:22:54',	7,	'Message 5 du sujet 11'),
(16,	11,	'2024-03-27 13:32:54',	8,	'Message 6 du sujet 11'),
(17,	11,	'2024-03-27 13:42:54',	9,	'Message 7 du sujet 11'),
(18,	11,	'2024-03-27 13:52:54',	10,	'Message 8 du sujet 11'),
(19,	11,	'2024-03-27 14:02:54',	1,	'Message 9 du sujet 11'),
(20,	11,	'2024-03-27 14:12:54',	2,	'Message 10 du sujet 11'),
(21,	21,	'2024-03-27 12:42:54',	3,	'Message 1 du sujet 21'),
(22,	21,	'2024-03-27 12:52:54',	4,	'Message 2 du sujet 21'),
(23,	21,	'2024-03-27 13:02:54',	5,	'Message 3 du sujet 21'),
(24,	21,	'2024-03-27 13:12:54',	6,	'Message 4 du sujet 21'),
(25,	21,	'2024-03-27 13:22:54',	7,	'Message 5 du sujet 21'),
(26,	21,	'2024-03-27 13:32:54',	8,	'Message 6 du sujet 21'),
(27,	21,	'2024-03-27 13:42:54',	9,	'Message 7 du sujet 21'),
(28,	21,	'2024-03-27 13:52:54',	10,	'Message 8 du sujet 21'),
(29,	21,	'2024-03-27 14:02:54',	1,	'Message 9 du sujet 21'),
(30,	21,	'2024-03-27 14:12:54',	2,	'Message 10 du sujet 21'),
(31,	31,	'2024-03-27 12:42:54',	3,	'Message 1 du sujet 31'),
(32,	31,	'2024-03-27 12:52:54',	4,	'Message 2 du sujet 31'),
(33,	31,	'2024-03-27 13:02:54',	5,	'Message 3 du sujet 31'),
(34,	31,	'2024-03-27 13:12:54',	6,	'Message 4 du sujet 31'),
(35,	31,	'2024-03-27 13:22:54',	7,	'Message 5 du sujet 31'),
(36,	31,	'2024-03-27 13:32:54',	8,	'Message 6 du sujet 31'),
(37,	31,	'2024-03-27 13:42:54',	9,	'Message 7 du sujet 31'),
(38,	31,	'2024-03-27 13:52:54',	10,	'Message 8 du sujet 31'),
(39,	31,	'2024-03-27 14:02:54',	1,	'Message 9 du sujet 31'),
(40,	31,	'2024-03-27 14:12:54',	2,	'Message 10 du sujet 31'),
(41,	41,	'2024-03-27 12:42:54',	3,	'Message 1 du sujet 41'),
(42,	41,	'2024-03-27 12:52:54',	4,	'Message 2 du sujet 41'),
(43,	41,	'2024-03-27 13:02:54',	5,	'Message 3 du sujet 41'),
(44,	41,	'2024-03-27 13:12:54',	6,	'Message 4 du sujet 41'),
(45,	41,	'2024-03-27 13:22:54',	7,	'Message 5 du sujet 41'),
(46,	41,	'2024-03-27 13:32:54',	8,	'Message 6 du sujet 41'),
(47,	41,	'2024-03-27 13:42:54',	9,	'Message 7 du sujet 41'),
(48,	41,	'2024-03-27 13:52:54',	10,	'Message 8 du sujet 41'),
(49,	41,	'2024-03-27 14:02:54',	1,	'Message 9 du sujet 41'),
(50,	41,	'2024-03-27 14:12:54',	2,	'Message 10 du sujet 41'),
(51,	51,	'2024-03-27 12:42:54',	3,	'Message 1 du sujet 51'),
(52,	51,	'2024-03-27 12:52:54',	4,	'Message 2 du sujet 51'),
(53,	51,	'2024-03-27 13:02:54',	5,	'Message 3 du sujet 51'),
(54,	51,	'2024-03-27 13:12:54',	6,	'Message 4 du sujet 51'),
(55,	51,	'2024-03-27 13:22:54',	7,	'Message 5 du sujet 51'),
(56,	51,	'2024-03-27 13:32:54',	8,	'Message 6 du sujet 51'),
(57,	51,	'2024-03-27 13:42:54',	9,	'Message 7 du sujet 51'),
(58,	51,	'2024-03-27 13:52:54',	10,	'Message 8 du sujet 51'),
(59,	51,	'2024-03-27 14:02:54',	1,	'Message 9 du sujet 51'),
(60,	51,	'2024-03-27 14:12:54',	2,	'Message 10 du sujet 51'),
(61,	61,	'2024-03-27 12:42:54',	3,	'Message 1 du sujet 61'),
(62,	61,	'2024-03-27 12:52:54',	4,	'Message 2 du sujet 61'),
(63,	61,	'2024-03-27 13:02:54',	5,	'Message 3 du sujet 61'),
(64,	61,	'2024-03-27 13:12:54',	6,	'Message 4 du sujet 61'),
(65,	61,	'2024-03-27 13:22:54',	7,	'Message 5 du sujet 61'),
(66,	61,	'2024-03-27 13:32:54',	8,	'Message 6 du sujet 61'),
(67,	61,	'2024-03-27 13:42:54',	9,	'Message 7 du sujet 61'),
(68,	61,	'2024-03-27 13:52:54',	10,	'Message 8 du sujet 61'),
(69,	61,	'2024-03-27 14:02:54',	1,	'Message 9 du sujet 61'),
(70,	61,	'2024-03-27 14:12:54',	2,	'Message 10 du sujet 61'),
(71,	71,	'2024-03-27 12:42:54',	3,	'Message 1 du sujet 71'),
(72,	71,	'2024-03-27 12:52:54',	4,	'Message 2 du sujet 71'),
(73,	71,	'2024-03-27 13:02:54',	5,	'Message 3 du sujet 71'),
(74,	71,	'2024-03-27 13:12:54',	6,	'Message 4 du sujet 71'),
(75,	71,	'2024-03-27 13:22:54',	7,	'Message 5 du sujet 71'),
(76,	71,	'2024-03-27 13:32:54',	8,	'Message 6 du sujet 71'),
(77,	71,	'2024-03-27 13:42:54',	9,	'Message 7 du sujet 71'),
(78,	71,	'2024-03-27 13:52:54',	10,	'Message 8 du sujet 71'),
(79,	71,	'2024-03-27 14:02:54',	1,	'Message 9 du sujet 71'),
(80,	71,	'2024-03-27 14:12:54',	2,	'Message 10 du sujet 71'),
(81,	81,	'2024-03-27 12:42:54',	3,	'Message 1 du sujet 81'),
(82,	81,	'2024-03-27 12:52:54',	4,	'Message 2 du sujet 81'),
(83,	81,	'2024-03-27 13:02:54',	5,	'Message 3 du sujet 81'),
(84,	81,	'2024-03-27 13:12:54',	6,	'Message 4 du sujet 81'),
(85,	81,	'2024-03-27 13:22:54',	7,	'Message 5 du sujet 81'),
(86,	81,	'2024-03-27 13:32:54',	8,	'Message 6 du sujet 81'),
(87,	81,	'2024-03-27 13:42:54',	9,	'Message 7 du sujet 81'),
(88,	81,	'2024-03-27 13:52:54',	10,	'Message 8 du sujet 81'),
(89,	81,	'2024-03-27 14:02:54',	1,	'Message 9 du sujet 81'),
(90,	81,	'2024-03-27 14:12:54',	2,	'Message 10 du sujet 81'),
(91,	91,	'2024-03-27 12:42:54',	3,	'Message 1 du sujet 91'),
(92,	91,	'2024-03-27 12:52:54',	4,	'Message 2 du sujet 91'),
(93,	91,	'2024-03-27 13:02:54',	5,	'Message 3 du sujet 91'),
(94,	91,	'2024-03-27 13:12:54',	6,	'Message 4 du sujet 91'),
(95,	91,	'2024-03-27 13:22:54',	7,	'Message 5 du sujet 91'),
(96,	91,	'2024-03-27 13:32:54',	8,	'Message 6 du sujet 91'),
(97,	91,	'2024-03-27 13:42:54',	9,	'Message 7 du sujet 91'),
(98,	91,	'2024-03-27 13:52:54',	10,	'Message 8 du sujet 91'),
(99,	91,	'2024-03-27 14:02:54',	1,	'Message 9 du sujet 91'),
(100,	91,	'2024-03-27 14:12:54',	2,	'Message 10 du sujet 91'),
(101,	2,	'2024-03-27 12:42:54',	4,	'Message 1 du sujet 2'),
(102,	2,	'2024-03-27 12:52:54',	5,	'Message 2 du sujet 2'),
(103,	2,	'2024-03-27 13:02:54',	6,	'Message 3 du sujet 2'),
(104,	2,	'2024-03-27 13:12:54',	7,	'Message 4 du sujet 2'),
(105,	2,	'2024-03-27 13:22:54',	8,	'Message 5 du sujet 2'),
(106,	2,	'2024-03-27 13:32:54',	9,	'Message 6 du sujet 2'),
(107,	2,	'2024-03-27 13:42:54',	10,	'Message 7 du sujet 2'),
(108,	2,	'2024-03-27 13:52:54',	1,	'Message 8 du sujet 2'),
(109,	2,	'2024-03-27 14:02:54',	2,	'Message 9 du sujet 2'),
(110,	2,	'2024-03-27 14:12:54',	3,	'Message 10 du sujet 2'),
(111,	12,	'2024-03-27 12:42:54',	4,	'Message 1 du sujet 12'),
(112,	12,	'2024-03-27 12:52:54',	5,	'Message 2 du sujet 12'),
(113,	12,	'2024-03-27 13:02:54',	6,	'Message 3 du sujet 12'),
(114,	12,	'2024-03-27 13:12:54',	7,	'Message 4 du sujet 12'),
(115,	12,	'2024-03-27 13:22:54',	8,	'Message 5 du sujet 12'),
(116,	12,	'2024-03-27 13:32:54',	9,	'Message 6 du sujet 12'),
(117,	12,	'2024-03-27 13:42:54',	10,	'Message 7 du sujet 12'),
(118,	12,	'2024-03-27 13:52:54',	1,	'Message 8 du sujet 12'),
(119,	12,	'2024-03-27 14:02:54',	2,	'Message 9 du sujet 12'),
(120,	12,	'2024-03-27 14:12:54',	3,	'Message 10 du sujet 12'),
(121,	22,	'2024-03-27 12:42:54',	4,	'Message 1 du sujet 22'),
(122,	22,	'2024-03-27 12:52:54',	5,	'Message 2 du sujet 22'),
(123,	22,	'2024-03-27 13:02:54',	6,	'Message 3 du sujet 22'),
(124,	22,	'2024-03-27 13:12:54',	7,	'Message 4 du sujet 22'),
(125,	22,	'2024-03-27 13:22:54',	8,	'Message 5 du sujet 22'),
(126,	22,	'2024-03-27 13:32:54',	9,	'Message 6 du sujet 22'),
(127,	22,	'2024-03-27 13:42:54',	10,	'Message 7 du sujet 22'),
(128,	22,	'2024-03-27 13:52:54',	1,	'Message 8 du sujet 22'),
(129,	22,	'2024-03-27 14:02:54',	2,	'Message 9 du sujet 22'),
(130,	22,	'2024-03-27 14:12:54',	3,	'Message 10 du sujet 22'),
(131,	32,	'2024-03-27 12:42:54',	4,	'Message 1 du sujet 32'),
(132,	32,	'2024-03-27 12:52:54',	5,	'Message 2 du sujet 32'),
(133,	32,	'2024-03-27 13:02:54',	6,	'Message 3 du sujet 32'),
(134,	32,	'2024-03-27 13:12:54',	7,	'Message 4 du sujet 32'),
(135,	32,	'2024-03-27 13:22:54',	8,	'Message 5 du sujet 32'),
(136,	32,	'2024-03-27 13:32:54',	9,	'Message 6 du sujet 32'),
(137,	32,	'2024-03-27 13:42:54',	10,	'Message 7 du sujet 32'),
(138,	32,	'2024-03-27 13:52:54',	1,	'Message 8 du sujet 32'),
(139,	32,	'2024-03-27 14:02:54',	2,	'Message 9 du sujet 32'),
(140,	32,	'2024-03-27 14:12:54',	3,	'Message 10 du sujet 32'),
(141,	42,	'2024-03-27 12:42:54',	4,	'Message 1 du sujet 42'),
(142,	42,	'2024-03-27 12:52:54',	5,	'Message 2 du sujet 42'),
(143,	42,	'2024-03-27 13:02:54',	6,	'Message 3 du sujet 42'),
(144,	42,	'2024-03-27 13:12:54',	7,	'Message 4 du sujet 42'),
(145,	42,	'2024-03-27 13:22:54',	8,	'Message 5 du sujet 42'),
(146,	42,	'2024-03-27 13:32:54',	9,	'Message 6 du sujet 42'),
(147,	42,	'2024-03-27 13:42:54',	10,	'Message 7 du sujet 42'),
(148,	42,	'2024-03-27 13:52:54',	1,	'Message 8 du sujet 42'),
(149,	42,	'2024-03-27 14:02:54',	2,	'Message 9 du sujet 42'),
(150,	42,	'2024-03-27 14:12:54',	3,	'Message 10 du sujet 42'),
(151,	52,	'2024-03-27 12:42:54',	4,	'Message 1 du sujet 52'),
(152,	52,	'2024-03-27 12:52:54',	5,	'Message 2 du sujet 52'),
(153,	52,	'2024-03-27 13:02:54',	6,	'Message 3 du sujet 52'),
(154,	52,	'2024-03-27 13:12:54',	7,	'Message 4 du sujet 52'),
(155,	52,	'2024-03-27 13:22:54',	8,	'Message 5 du sujet 52'),
(156,	52,	'2024-03-27 13:32:54',	9,	'Message 6 du sujet 52'),
(157,	52,	'2024-03-27 13:42:54',	10,	'Message 7 du sujet 52'),
(158,	52,	'2024-03-27 13:52:54',	1,	'Message 8 du sujet 52'),
(159,	52,	'2024-03-27 14:02:54',	2,	'Message 9 du sujet 52'),
(160,	52,	'2024-03-27 14:12:54',	3,	'Message 10 du sujet 52'),
(161,	62,	'2024-03-27 12:42:54',	4,	'Message 1 du sujet 62'),
(162,	62,	'2024-03-27 12:52:54',	5,	'Message 2 du sujet 62'),
(163,	62,	'2024-03-27 13:02:54',	6,	'Message 3 du sujet 62'),
(164,	62,	'2024-03-27 13:12:54',	7,	'Message 4 du sujet 62'),
(165,	62,	'2024-03-27 13:22:54',	8,	'Message 5 du sujet 62'),
(166,	62,	'2024-03-27 13:32:54',	9,	'Message 6 du sujet 62'),
(167,	62,	'2024-03-27 13:42:54',	10,	'Message 7 du sujet 62'),
(168,	62,	'2024-03-27 13:52:54',	1,	'Message 8 du sujet 62'),
(169,	62,	'2024-03-27 14:02:54',	2,	'Message 9 du sujet 62'),
(170,	62,	'2024-03-27 14:12:54',	3,	'Message 10 du sujet 62'),
(171,	72,	'2024-03-27 12:42:54',	4,	'Message 1 du sujet 72'),
(172,	72,	'2024-03-27 12:52:54',	5,	'Message 2 du sujet 72'),
(173,	72,	'2024-03-27 13:02:54',	6,	'Message 3 du sujet 72'),
(174,	72,	'2024-03-27 13:12:54',	7,	'Message 4 du sujet 72'),
(175,	72,	'2024-03-27 13:22:54',	8,	'Message 5 du sujet 72'),
(176,	72,	'2024-03-27 13:32:54',	9,	'Message 6 du sujet 72'),
(177,	72,	'2024-03-27 13:42:54',	10,	'Message 7 du sujet 72'),
(178,	72,	'2024-03-27 13:52:54',	1,	'Message 8 du sujet 72'),
(179,	72,	'2024-03-27 14:02:54',	2,	'Message 9 du sujet 72'),
(180,	72,	'2024-03-27 14:12:54',	3,	'Message 10 du sujet 72'),
(181,	82,	'2024-03-27 12:42:54',	4,	'Message 1 du sujet 82'),
(182,	82,	'2024-03-27 12:52:54',	5,	'Message 2 du sujet 82'),
(183,	82,	'2024-03-27 13:02:54',	6,	'Message 3 du sujet 82'),
(184,	82,	'2024-03-27 13:12:54',	7,	'Message 4 du sujet 82'),
(185,	82,	'2024-03-27 13:22:54',	8,	'Message 5 du sujet 82'),
(186,	82,	'2024-03-27 13:32:54',	9,	'Message 6 du sujet 82'),
(187,	82,	'2024-03-27 13:42:54',	10,	'Message 7 du sujet 82'),
(188,	82,	'2024-03-27 13:52:54',	1,	'Message 8 du sujet 82'),
(189,	82,	'2024-03-27 14:02:54',	2,	'Message 9 du sujet 82'),
(190,	82,	'2024-03-27 14:12:54',	3,	'Message 10 du sujet 82'),
(191,	92,	'2024-03-27 12:42:54',	4,	'Message 1 du sujet 92'),
(192,	92,	'2024-03-27 12:52:54',	5,	'Message 2 du sujet 92'),
(193,	92,	'2024-03-27 13:02:54',	6,	'Message 3 du sujet 92'),
(194,	92,	'2024-03-27 13:12:54',	7,	'Message 4 du sujet 92'),
(195,	92,	'2024-03-27 13:22:54',	8,	'Message 5 du sujet 92'),
(196,	92,	'2024-03-27 13:32:54',	9,	'Message 6 du sujet 92'),
(197,	92,	'2024-03-27 13:42:54',	10,	'Message 7 du sujet 92'),
(198,	92,	'2024-03-27 13:52:54',	1,	'Message 8 du sujet 92'),
(199,	92,	'2024-03-27 14:02:54',	2,	'Message 9 du sujet 92'),
(200,	92,	'2024-03-27 14:12:54',	3,	'Message 10 du sujet 92'),
(201,	3,	'2024-03-27 12:42:54',	5,	'Message 1 du sujet 3'),
(202,	3,	'2024-03-27 12:52:54',	6,	'Message 2 du sujet 3'),
(203,	3,	'2024-03-27 13:02:54',	7,	'Message 3 du sujet 3'),
(204,	3,	'2024-03-27 13:12:54',	8,	'Message 4 du sujet 3'),
(205,	3,	'2024-03-27 13:22:54',	9,	'Message 5 du sujet 3'),
(206,	3,	'2024-03-27 13:32:54',	10,	'Message 6 du sujet 3'),
(207,	3,	'2024-03-27 13:42:54',	1,	'Message 7 du sujet 3'),
(208,	3,	'2024-03-27 13:52:54',	2,	'Message 8 du sujet 3'),
(209,	3,	'2024-03-27 14:02:54',	3,	'Message 9 du sujet 3'),
(210,	3,	'2024-03-27 14:12:54',	4,	'Message 10 du sujet 3'),
(211,	13,	'2024-03-27 12:42:54',	5,	'Message 1 du sujet 13'),
(212,	13,	'2024-03-27 12:52:54',	6,	'Message 2 du sujet 13'),
(213,	13,	'2024-03-27 13:02:54',	7,	'Message 3 du sujet 13'),
(214,	13,	'2024-03-27 13:12:54',	8,	'Message 4 du sujet 13'),
(215,	13,	'2024-03-27 13:22:54',	9,	'Message 5 du sujet 13'),
(216,	13,	'2024-03-27 13:32:54',	10,	'Message 6 du sujet 13'),
(217,	13,	'2024-03-27 13:42:54',	1,	'Message 7 du sujet 13'),
(218,	13,	'2024-03-27 13:52:54',	2,	'Message 8 du sujet 13'),
(219,	13,	'2024-03-27 14:02:54',	3,	'Message 9 du sujet 13'),
(220,	13,	'2024-03-27 14:12:54',	4,	'Message 10 du sujet 13'),
(221,	23,	'2024-03-27 12:42:54',	5,	'Message 1 du sujet 23'),
(222,	23,	'2024-03-27 12:52:54',	6,	'Message 2 du sujet 23'),
(223,	23,	'2024-03-27 13:02:54',	7,	'Message 3 du sujet 23'),
(224,	23,	'2024-03-27 13:12:54',	8,	'Message 4 du sujet 23'),
(225,	23,	'2024-03-27 13:22:54',	9,	'Message 5 du sujet 23'),
(226,	23,	'2024-03-27 13:32:54',	10,	'Message 6 du sujet 23'),
(227,	23,	'2024-03-27 13:42:54',	1,	'Message 7 du sujet 23'),
(228,	23,	'2024-03-27 13:52:54',	2,	'Message 8 du sujet 23'),
(229,	23,	'2024-03-27 14:02:54',	3,	'Message 9 du sujet 23'),
(230,	23,	'2024-03-27 14:12:54',	4,	'Message 10 du sujet 23'),
(231,	33,	'2024-03-27 12:42:54',	5,	'Message 1 du sujet 33'),
(232,	33,	'2024-03-27 12:52:54',	6,	'Message 2 du sujet 33'),
(233,	33,	'2024-03-27 13:02:54',	7,	'Message 3 du sujet 33'),
(234,	33,	'2024-03-27 13:12:54',	8,	'Message 4 du sujet 33'),
(235,	33,	'2024-03-27 13:22:54',	9,	'Message 5 du sujet 33'),
(236,	33,	'2024-03-27 13:32:54',	10,	'Message 6 du sujet 33'),
(237,	33,	'2024-03-27 13:42:54',	1,	'Message 7 du sujet 33'),
(238,	33,	'2024-03-27 13:52:54',	2,	'Message 8 du sujet 33'),
(239,	33,	'2024-03-27 14:02:54',	3,	'Message 9 du sujet 33'),
(240,	33,	'2024-03-27 14:12:54',	4,	'Message 10 du sujet 33'),
(241,	43,	'2024-03-27 12:42:54',	5,	'Message 1 du sujet 43'),
(242,	43,	'2024-03-27 12:52:54',	6,	'Message 2 du sujet 43'),
(243,	43,	'2024-03-27 13:02:54',	7,	'Message 3 du sujet 43'),
(244,	43,	'2024-03-27 13:12:54',	8,	'Message 4 du sujet 43'),
(245,	43,	'2024-03-27 13:22:54',	9,	'Message 5 du sujet 43'),
(246,	43,	'2024-03-27 13:32:54',	10,	'Message 6 du sujet 43'),
(247,	43,	'2024-03-27 13:42:54',	1,	'Message 7 du sujet 43'),
(248,	43,	'2024-03-27 13:52:54',	2,	'Message 8 du sujet 43'),
(249,	43,	'2024-03-27 14:02:54',	3,	'Message 9 du sujet 43'),
(250,	43,	'2024-03-27 14:12:54',	4,	'Message 10 du sujet 43'),
(251,	53,	'2024-03-27 12:42:54',	5,	'Message 1 du sujet 53'),
(252,	53,	'2024-03-27 12:52:54',	6,	'Message 2 du sujet 53'),
(253,	53,	'2024-03-27 13:02:54',	7,	'Message 3 du sujet 53'),
(254,	53,	'2024-03-27 13:12:54',	8,	'Message 4 du sujet 53'),
(255,	53,	'2024-03-27 13:22:54',	9,	'Message 5 du sujet 53'),
(256,	53,	'2024-03-27 13:32:54',	10,	'Message 6 du sujet 53'),
(257,	53,	'2024-03-27 13:42:54',	1,	'Message 7 du sujet 53'),
(258,	53,	'2024-03-27 13:52:54',	2,	'Message 8 du sujet 53'),
(259,	53,	'2024-03-27 14:02:54',	3,	'Message 9 du sujet 53'),
(260,	53,	'2024-03-27 14:12:54',	4,	'Message 10 du sujet 53'),
(261,	63,	'2024-03-27 12:42:54',	5,	'Message 1 du sujet 63'),
(262,	63,	'2024-03-27 12:52:54',	6,	'Message 2 du sujet 63'),
(263,	63,	'2024-03-27 13:02:54',	7,	'Message 3 du sujet 63'),
(264,	63,	'2024-03-27 13:12:54',	8,	'Message 4 du sujet 63'),
(265,	63,	'2024-03-27 13:22:54',	9,	'Message 5 du sujet 63'),
(266,	63,	'2024-03-27 13:32:54',	10,	'Message 6 du sujet 63'),
(267,	63,	'2024-03-27 13:42:54',	1,	'Message 7 du sujet 63'),
(268,	63,	'2024-03-27 13:52:54',	2,	'Message 8 du sujet 63'),
(269,	63,	'2024-03-27 14:02:54',	3,	'Message 9 du sujet 63'),
(270,	63,	'2024-03-27 14:12:54',	4,	'Message 10 du sujet 63'),
(271,	73,	'2024-03-27 12:42:54',	5,	'Message 1 du sujet 73'),
(272,	73,	'2024-03-27 12:52:54',	6,	'Message 2 du sujet 73'),
(273,	73,	'2024-03-27 13:02:54',	7,	'Message 3 du sujet 73'),
(274,	73,	'2024-03-27 13:12:54',	8,	'Message 4 du sujet 73'),
(275,	73,	'2024-03-27 13:22:54',	9,	'Message 5 du sujet 73'),
(276,	73,	'2024-03-27 13:32:54',	10,	'Message 6 du sujet 73'),
(277,	73,	'2024-03-27 13:42:54',	1,	'Message 7 du sujet 73'),
(278,	73,	'2024-03-27 13:52:54',	2,	'Message 8 du sujet 73'),
(279,	73,	'2024-03-27 14:02:54',	3,	'Message 9 du sujet 73'),
(280,	73,	'2024-03-27 14:12:54',	4,	'Message 10 du sujet 73'),
(281,	83,	'2024-03-27 12:42:54',	5,	'Message 1 du sujet 83'),
(282,	83,	'2024-03-27 12:52:54',	6,	'Message 2 du sujet 83'),
(283,	83,	'2024-03-27 13:02:54',	7,	'Message 3 du sujet 83'),
(284,	83,	'2024-03-27 13:12:54',	8,	'Message 4 du sujet 83'),
(285,	83,	'2024-03-27 13:22:54',	9,	'Message 5 du sujet 83'),
(286,	83,	'2024-03-27 13:32:54',	10,	'Message 6 du sujet 83'),
(287,	83,	'2024-03-27 13:42:54',	1,	'Message 7 du sujet 83'),
(288,	83,	'2024-03-27 13:52:54',	2,	'Message 8 du sujet 83'),
(289,	83,	'2024-03-27 14:02:54',	3,	'Message 9 du sujet 83'),
(290,	83,	'2024-03-27 14:12:54',	4,	'Message 10 du sujet 83'),
(291,	93,	'2024-03-27 12:42:54',	5,	'Message 1 du sujet 93'),
(292,	93,	'2024-03-27 12:52:54',	6,	'Message 2 du sujet 93'),
(293,	93,	'2024-03-27 13:02:54',	7,	'Message 3 du sujet 93'),
(294,	93,	'2024-03-27 13:12:54',	8,	'Message 4 du sujet 93'),
(295,	93,	'2024-03-27 13:22:54',	9,	'Message 5 du sujet 93'),
(296,	93,	'2024-03-27 13:32:54',	10,	'Message 6 du sujet 93'),
(297,	93,	'2024-03-27 13:42:54',	1,	'Message 7 du sujet 93'),
(298,	93,	'2024-03-27 13:52:54',	2,	'Message 8 du sujet 93'),
(299,	93,	'2024-03-27 14:02:54',	3,	'Message 9 du sujet 93'),
(300,	93,	'2024-03-27 14:12:54',	4,	'Message 10 du sujet 93'),
(301,	4,	'2024-03-27 12:42:54',	6,	'Message 1 du sujet 4'),
(302,	4,	'2024-03-27 12:52:54',	7,	'Message 2 du sujet 4'),
(303,	4,	'2024-03-27 13:02:54',	8,	'Message 3 du sujet 4'),
(304,	4,	'2024-03-27 13:12:54',	9,	'Message 4 du sujet 4'),
(305,	4,	'2024-03-27 13:22:54',	10,	'Message 5 du sujet 4'),
(306,	4,	'2024-03-27 13:32:54',	1,	'Message 6 du sujet 4'),
(307,	4,	'2024-03-27 13:42:54',	2,	'Message 7 du sujet 4'),
(308,	4,	'2024-03-27 13:52:54',	3,	'Message 8 du sujet 4'),
(309,	4,	'2024-03-27 14:02:54',	4,	'Message 9 du sujet 4'),
(310,	4,	'2024-03-27 14:12:54',	5,	'Message 10 du sujet 4'),
(311,	14,	'2024-03-27 12:42:54',	6,	'Message 1 du sujet 14'),
(312,	14,	'2024-03-27 12:52:54',	7,	'Message 2 du sujet 14'),
(313,	14,	'2024-03-27 13:02:54',	8,	'Message 3 du sujet 14'),
(314,	14,	'2024-03-27 13:12:54',	9,	'Message 4 du sujet 14'),
(315,	14,	'2024-03-27 13:22:54',	10,	'Message 5 du sujet 14'),
(316,	14,	'2024-03-27 13:32:54',	1,	'Message 6 du sujet 14'),
(317,	14,	'2024-03-27 13:42:54',	2,	'Message 7 du sujet 14'),
(318,	14,	'2024-03-27 13:52:54',	3,	'Message 8 du sujet 14'),
(319,	14,	'2024-03-27 14:02:54',	4,	'Message 9 du sujet 14'),
(320,	14,	'2024-03-27 14:12:54',	5,	'Message 10 du sujet 14'),
(321,	24,	'2024-03-27 12:42:54',	6,	'Message 1 du sujet 24'),
(322,	24,	'2024-03-27 12:52:54',	7,	'Message 2 du sujet 24'),
(323,	24,	'2024-03-27 13:02:54',	8,	'Message 3 du sujet 24'),
(324,	24,	'2024-03-27 13:12:54',	9,	'Message 4 du sujet 24'),
(325,	24,	'2024-03-27 13:22:54',	10,	'Message 5 du sujet 24'),
(326,	24,	'2024-03-27 13:32:54',	1,	'Message 6 du sujet 24'),
(327,	24,	'2024-03-27 13:42:54',	2,	'Message 7 du sujet 24'),
(328,	24,	'2024-03-27 13:52:54',	3,	'Message 8 du sujet 24'),
(329,	24,	'2024-03-27 14:02:54',	4,	'Message 9 du sujet 24'),
(330,	24,	'2024-03-27 14:12:54',	5,	'Message 10 du sujet 24'),
(331,	34,	'2024-03-27 12:42:54',	6,	'Message 1 du sujet 34'),
(332,	34,	'2024-03-27 12:52:54',	7,	'Message 2 du sujet 34'),
(333,	34,	'2024-03-27 13:02:54',	8,	'Message 3 du sujet 34'),
(334,	34,	'2024-03-27 13:12:54',	9,	'Message 4 du sujet 34'),
(335,	34,	'2024-03-27 13:22:54',	10,	'Message 5 du sujet 34'),
(336,	34,	'2024-03-27 13:32:54',	1,	'Message 6 du sujet 34'),
(337,	34,	'2024-03-27 13:42:54',	2,	'Message 7 du sujet 34'),
(338,	34,	'2024-03-27 13:52:54',	3,	'Message 8 du sujet 34'),
(339,	34,	'2024-03-27 14:02:54',	4,	'Message 9 du sujet 34'),
(340,	34,	'2024-03-27 14:12:54',	5,	'Message 10 du sujet 34'),
(341,	44,	'2024-03-27 12:42:54',	6,	'Message 1 du sujet 44'),
(342,	44,	'2024-03-27 12:52:54',	7,	'Message 2 du sujet 44'),
(343,	44,	'2024-03-27 13:02:54',	8,	'Message 3 du sujet 44'),
(344,	44,	'2024-03-27 13:12:54',	9,	'Message 4 du sujet 44'),
(345,	44,	'2024-03-27 13:22:54',	10,	'Message 5 du sujet 44'),
(346,	44,	'2024-03-27 13:32:54',	1,	'Message 6 du sujet 44'),
(347,	44,	'2024-03-27 13:42:54',	2,	'Message 7 du sujet 44'),
(348,	44,	'2024-03-27 13:52:54',	3,	'Message 8 du sujet 44'),
(349,	44,	'2024-03-27 14:02:54',	4,	'Message 9 du sujet 44'),
(350,	44,	'2024-03-27 14:12:54',	5,	'Message 10 du sujet 44'),
(351,	54,	'2024-03-27 12:42:54',	6,	'Message 1 du sujet 54'),
(352,	54,	'2024-03-27 12:52:54',	7,	'Message 2 du sujet 54'),
(353,	54,	'2024-03-27 13:02:54',	8,	'Message 3 du sujet 54'),
(354,	54,	'2024-03-27 13:12:54',	9,	'Message 4 du sujet 54'),
(355,	54,	'2024-03-27 13:22:54',	10,	'Message 5 du sujet 54'),
(356,	54,	'2024-03-27 13:32:54',	1,	'Message 6 du sujet 54'),
(357,	54,	'2024-03-27 13:42:54',	2,	'Message 7 du sujet 54'),
(358,	54,	'2024-03-27 13:52:54',	3,	'Message 8 du sujet 54'),
(359,	54,	'2024-03-27 14:02:54',	4,	'Message 9 du sujet 54'),
(360,	54,	'2024-03-27 14:12:54',	5,	'Message 10 du sujet 54'),
(361,	64,	'2024-03-27 12:42:54',	6,	'Message 1 du sujet 64'),
(362,	64,	'2024-03-27 12:52:54',	7,	'Message 2 du sujet 64'),
(363,	64,	'2024-03-27 13:02:54',	8,	'Message 3 du sujet 64'),
(364,	64,	'2024-03-27 13:12:54',	9,	'Message 4 du sujet 64'),
(365,	64,	'2024-03-27 13:22:54',	10,	'Message 5 du sujet 64'),
(366,	64,	'2024-03-27 13:32:54',	1,	'Message 6 du sujet 64'),
(367,	64,	'2024-03-27 13:42:54',	2,	'Message 7 du sujet 64'),
(368,	64,	'2024-03-27 13:52:54',	3,	'Message 8 du sujet 64'),
(369,	64,	'2024-03-27 14:02:54',	4,	'Message 9 du sujet 64'),
(370,	64,	'2024-03-27 14:12:54',	5,	'Message 10 du sujet 64'),
(371,	74,	'2024-03-27 12:42:54',	6,	'Message 1 du sujet 74'),
(372,	74,	'2024-03-27 12:52:54',	7,	'Message 2 du sujet 74'),
(373,	74,	'2024-03-27 13:02:54',	8,	'Message 3 du sujet 74'),
(374,	74,	'2024-03-27 13:12:54',	9,	'Message 4 du sujet 74'),
(375,	74,	'2024-03-27 13:22:54',	10,	'Message 5 du sujet 74'),
(376,	74,	'2024-03-27 13:32:54',	1,	'Message 6 du sujet 74'),
(377,	74,	'2024-03-27 13:42:54',	2,	'Message 7 du sujet 74'),
(378,	74,	'2024-03-27 13:52:54',	3,	'Message 8 du sujet 74'),
(379,	74,	'2024-03-27 14:02:54',	4,	'Message 9 du sujet 74'),
(380,	74,	'2024-03-27 14:12:54',	5,	'Message 10 du sujet 74'),
(381,	84,	'2024-03-27 12:42:54',	6,	'Message 1 du sujet 84'),
(382,	84,	'2024-03-27 12:52:54',	7,	'Message 2 du sujet 84'),
(383,	84,	'2024-03-27 13:02:54',	8,	'Message 3 du sujet 84'),
(384,	84,	'2024-03-27 13:12:54',	9,	'Message 4 du sujet 84'),
(385,	84,	'2024-03-27 13:22:54',	10,	'Message 5 du sujet 84'),
(386,	84,	'2024-03-27 13:32:54',	1,	'Message 6 du sujet 84'),
(387,	84,	'2024-03-27 13:42:54',	2,	'Message 7 du sujet 84'),
(388,	84,	'2024-03-27 13:52:54',	3,	'Message 8 du sujet 84'),
(389,	84,	'2024-03-27 14:02:54',	4,	'Message 9 du sujet 84'),
(390,	84,	'2024-03-27 14:12:54',	5,	'Message 10 du sujet 84'),
(391,	94,	'2024-03-27 12:42:54',	6,	'Message 1 du sujet 94'),
(392,	94,	'2024-03-27 12:52:54',	7,	'Message 2 du sujet 94'),
(393,	94,	'2024-03-27 13:02:54',	8,	'Message 3 du sujet 94'),
(394,	94,	'2024-03-27 13:12:54',	9,	'Message 4 du sujet 94'),
(395,	94,	'2024-03-27 13:22:54',	10,	'Message 5 du sujet 94'),
(396,	94,	'2024-03-27 13:32:54',	1,	'Message 6 du sujet 94'),
(397,	94,	'2024-03-27 13:42:54',	2,	'Message 7 du sujet 94'),
(398,	94,	'2024-03-27 13:52:54',	3,	'Message 8 du sujet 94'),
(399,	94,	'2024-03-27 14:02:54',	4,	'Message 9 du sujet 94'),
(400,	94,	'2024-03-27 14:12:54',	5,	'Message 10 du sujet 94'),
(401,	5,	'2024-03-27 12:42:54',	7,	'Message 1 du sujet 5'),
(402,	5,	'2024-03-27 12:52:54',	8,	'Message 2 du sujet 5'),
(403,	5,	'2024-03-27 13:02:54',	9,	'Message 3 du sujet 5'),
(404,	5,	'2024-03-27 13:12:54',	10,	'Message 4 du sujet 5'),
(405,	5,	'2024-03-27 13:22:54',	1,	'Message 5 du sujet 5'),
(406,	5,	'2024-03-27 13:32:54',	2,	'Message 6 du sujet 5'),
(407,	5,	'2024-03-27 13:42:54',	3,	'Message 7 du sujet 5'),
(408,	5,	'2024-03-27 13:52:54',	4,	'Message 8 du sujet 5'),
(409,	5,	'2024-03-27 14:02:54',	5,	'Message 9 du sujet 5'),
(410,	5,	'2024-03-27 14:12:54',	6,	'Message 10 du sujet 5'),
(411,	15,	'2024-03-27 12:42:54',	7,	'Message 1 du sujet 15'),
(412,	15,	'2024-03-27 12:52:54',	8,	'Message 2 du sujet 15'),
(413,	15,	'2024-03-27 13:02:54',	9,	'Message 3 du sujet 15'),
(414,	15,	'2024-03-27 13:12:54',	10,	'Message 4 du sujet 15'),
(415,	15,	'2024-03-27 13:22:54',	1,	'Message 5 du sujet 15'),
(416,	15,	'2024-03-27 13:32:54',	2,	'Message 6 du sujet 15'),
(417,	15,	'2024-03-27 13:42:54',	3,	'Message 7 du sujet 15'),
(418,	15,	'2024-03-27 13:52:54',	4,	'Message 8 du sujet 15'),
(419,	15,	'2024-03-27 14:02:54',	5,	'Message 9 du sujet 15'),
(420,	15,	'2024-03-27 14:12:54',	6,	'Message 10 du sujet 15'),
(421,	25,	'2024-03-27 12:42:54',	7,	'Message 1 du sujet 25'),
(422,	25,	'2024-03-27 12:52:54',	8,	'Message 2 du sujet 25'),
(423,	25,	'2024-03-27 13:02:54',	9,	'Message 3 du sujet 25'),
(424,	25,	'2024-03-27 13:12:54',	10,	'Message 4 du sujet 25'),
(425,	25,	'2024-03-27 13:22:54',	1,	'Message 5 du sujet 25'),
(426,	25,	'2024-03-27 13:32:54',	2,	'Message 6 du sujet 25'),
(427,	25,	'2024-03-27 13:42:54',	3,	'Message 7 du sujet 25'),
(428,	25,	'2024-03-27 13:52:54',	4,	'Message 8 du sujet 25'),
(429,	25,	'2024-03-27 14:02:54',	5,	'Message 9 du sujet 25'),
(430,	25,	'2024-03-27 14:12:54',	6,	'Message 10 du sujet 25'),
(431,	35,	'2024-03-27 12:42:54',	7,	'Message 1 du sujet 35'),
(432,	35,	'2024-03-27 12:52:54',	8,	'Message 2 du sujet 35'),
(433,	35,	'2024-03-27 13:02:54',	9,	'Message 3 du sujet 35'),
(434,	35,	'2024-03-27 13:12:54',	10,	'Message 4 du sujet 35'),
(435,	35,	'2024-03-27 13:22:54',	1,	'Message 5 du sujet 35'),
(436,	35,	'2024-03-27 13:32:54',	2,	'Message 6 du sujet 35'),
(437,	35,	'2024-03-27 13:42:54',	3,	'Message 7 du sujet 35'),
(438,	35,	'2024-03-27 13:52:54',	4,	'Message 8 du sujet 35'),
(439,	35,	'2024-03-27 14:02:54',	5,	'Message 9 du sujet 35'),
(440,	35,	'2024-03-27 14:12:54',	6,	'Message 10 du sujet 35'),
(441,	45,	'2024-03-27 12:42:54',	7,	'Message 1 du sujet 45'),
(442,	45,	'2024-03-27 12:52:54',	8,	'Message 2 du sujet 45'),
(443,	45,	'2024-03-27 13:02:54',	9,	'Message 3 du sujet 45'),
(444,	45,	'2024-03-27 13:12:54',	10,	'Message 4 du sujet 45'),
(445,	45,	'2024-03-27 13:22:54',	1,	'Message 5 du sujet 45'),
(446,	45,	'2024-03-27 13:32:54',	2,	'Message 6 du sujet 45'),
(447,	45,	'2024-03-27 13:42:54',	3,	'Message 7 du sujet 45'),
(448,	45,	'2024-03-27 13:52:54',	4,	'Message 8 du sujet 45'),
(449,	45,	'2024-03-27 14:02:54',	5,	'Message 9 du sujet 45'),
(450,	45,	'2024-03-27 14:12:54',	6,	'Message 10 du sujet 45'),
(451,	55,	'2024-03-27 12:42:54',	7,	'Message 1 du sujet 55'),
(452,	55,	'2024-03-27 12:52:54',	8,	'Message 2 du sujet 55'),
(453,	55,	'2024-03-27 13:02:54',	9,	'Message 3 du sujet 55'),
(454,	55,	'2024-03-27 13:12:54',	10,	'Message 4 du sujet 55'),
(455,	55,	'2024-03-27 13:22:54',	1,	'Message 5 du sujet 55'),
(456,	55,	'2024-03-27 13:32:54',	2,	'Message 6 du sujet 55'),
(457,	55,	'2024-03-27 13:42:54',	3,	'Message 7 du sujet 55'),
(458,	55,	'2024-03-27 13:52:54',	4,	'Message 8 du sujet 55'),
(459,	55,	'2024-03-27 14:02:54',	5,	'Message 9 du sujet 55'),
(460,	55,	'2024-03-27 14:12:54',	6,	'Message 10 du sujet 55'),
(461,	65,	'2024-03-27 12:42:54',	7,	'Message 1 du sujet 65'),
(462,	65,	'2024-03-27 12:52:54',	8,	'Message 2 du sujet 65'),
(463,	65,	'2024-03-27 13:02:54',	9,	'Message 3 du sujet 65'),
(464,	65,	'2024-03-27 13:12:54',	10,	'Message 4 du sujet 65'),
(465,	65,	'2024-03-27 13:22:54',	1,	'Message 5 du sujet 65'),
(466,	65,	'2024-03-27 13:32:54',	2,	'Message 6 du sujet 65'),
(467,	65,	'2024-03-27 13:42:54',	3,	'Message 7 du sujet 65'),
(468,	65,	'2024-03-27 13:52:54',	4,	'Message 8 du sujet 65'),
(469,	65,	'2024-03-27 14:02:54',	5,	'Message 9 du sujet 65'),
(470,	65,	'2024-03-27 14:12:54',	6,	'Message 10 du sujet 65'),
(471,	75,	'2024-03-27 12:42:54',	7,	'Message 1 du sujet 75'),
(472,	75,	'2024-03-27 12:52:54',	8,	'Message 2 du sujet 75'),
(473,	75,	'2024-03-27 13:02:54',	9,	'Message 3 du sujet 75'),
(474,	75,	'2024-03-27 13:12:54',	10,	'Message 4 du sujet 75'),
(475,	75,	'2024-03-27 13:22:54',	1,	'Message 5 du sujet 75'),
(476,	75,	'2024-03-27 13:32:54',	2,	'Message 6 du sujet 75'),
(477,	75,	'2024-03-27 13:42:54',	3,	'Message 7 du sujet 75'),
(478,	75,	'2024-03-27 13:52:54',	4,	'Message 8 du sujet 75'),
(479,	75,	'2024-03-27 14:02:54',	5,	'Message 9 du sujet 75'),
(480,	75,	'2024-03-27 14:12:54',	6,	'Message 10 du sujet 75'),
(481,	85,	'2024-03-27 12:42:54',	7,	'Message 1 du sujet 85'),
(482,	85,	'2024-03-27 12:52:54',	8,	'Message 2 du sujet 85'),
(483,	85,	'2024-03-27 13:02:54',	9,	'Message 3 du sujet 85'),
(484,	85,	'2024-03-27 13:12:54',	10,	'Message 4 du sujet 85'),
(485,	85,	'2024-03-27 13:22:54',	1,	'Message 5 du sujet 85'),
(486,	85,	'2024-03-27 13:32:54',	2,	'Message 6 du sujet 85'),
(487,	85,	'2024-03-27 13:42:54',	3,	'Message 7 du sujet 85'),
(488,	85,	'2024-03-27 13:52:54',	4,	'Message 8 du sujet 85'),
(489,	85,	'2024-03-27 14:02:54',	5,	'Message 9 du sujet 85'),
(490,	85,	'2024-03-27 14:12:54',	6,	'Message 10 du sujet 85'),
(491,	95,	'2024-03-27 12:42:54',	7,	'Message 1 du sujet 95'),
(492,	95,	'2024-03-27 12:52:54',	8,	'Message 2 du sujet 95'),
(493,	95,	'2024-03-27 13:02:54',	9,	'Message 3 du sujet 95'),
(494,	95,	'2024-03-27 13:12:54',	10,	'Message 4 du sujet 95'),
(495,	95,	'2024-03-27 13:22:54',	1,	'Message 5 du sujet 95'),
(496,	95,	'2024-03-27 13:32:54',	2,	'Message 6 du sujet 95'),
(497,	95,	'2024-03-27 13:42:54',	3,	'Message 7 du sujet 95'),
(498,	95,	'2024-03-27 13:52:54',	4,	'Message 8 du sujet 95'),
(499,	95,	'2024-03-27 14:02:54',	5,	'Message 9 du sujet 95'),
(500,	95,	'2024-03-27 14:12:54',	6,	'Message 10 du sujet 95'),
(501,	6,	'2024-03-27 12:42:54',	8,	'Message 1 du sujet 6'),
(502,	6,	'2024-03-27 12:52:54',	9,	'Message 2 du sujet 6'),
(503,	6,	'2024-03-27 13:02:54',	10,	'Message 3 du sujet 6'),
(504,	6,	'2024-03-27 13:12:54',	1,	'Message 4 du sujet 6'),
(505,	6,	'2024-03-27 13:22:54',	2,	'Message 5 du sujet 6'),
(506,	6,	'2024-03-27 13:32:54',	3,	'Message 6 du sujet 6'),
(507,	6,	'2024-03-27 13:42:54',	4,	'Message 7 du sujet 6'),
(508,	6,	'2024-03-27 13:52:54',	5,	'Message 8 du sujet 6'),
(509,	6,	'2024-03-27 14:02:54',	6,	'Message 9 du sujet 6'),
(510,	6,	'2024-03-27 14:12:54',	7,	'Message 10 du sujet 6'),
(511,	16,	'2024-03-27 12:42:54',	8,	'Message 1 du sujet 16'),
(512,	16,	'2024-03-27 12:52:54',	9,	'Message 2 du sujet 16'),
(513,	16,	'2024-03-27 13:02:54',	10,	'Message 3 du sujet 16'),
(514,	16,	'2024-03-27 13:12:54',	1,	'Message 4 du sujet 16'),
(515,	16,	'2024-03-27 13:22:54',	2,	'Message 5 du sujet 16'),
(516,	16,	'2024-03-27 13:32:54',	3,	'Message 6 du sujet 16'),
(517,	16,	'2024-03-27 13:42:54',	4,	'Message 7 du sujet 16'),
(518,	16,	'2024-03-27 13:52:54',	5,	'Message 8 du sujet 16'),
(519,	16,	'2024-03-27 14:02:54',	6,	'Message 9 du sujet 16'),
(520,	16,	'2024-03-27 14:12:54',	7,	'Message 10 du sujet 16'),
(521,	26,	'2024-03-27 12:42:54',	8,	'Message 1 du sujet 26'),
(522,	26,	'2024-03-27 12:52:54',	9,	'Message 2 du sujet 26'),
(523,	26,	'2024-03-27 13:02:54',	10,	'Message 3 du sujet 26'),
(524,	26,	'2024-03-27 13:12:54',	1,	'Message 4 du sujet 26'),
(525,	26,	'2024-03-27 13:22:54',	2,	'Message 5 du sujet 26'),
(526,	26,	'2024-03-27 13:32:54',	3,	'Message 6 du sujet 26'),
(527,	26,	'2024-03-27 13:42:54',	4,	'Message 7 du sujet 26'),
(528,	26,	'2024-03-27 13:52:54',	5,	'Message 8 du sujet 26'),
(529,	26,	'2024-03-27 14:02:54',	6,	'Message 9 du sujet 26'),
(530,	26,	'2024-03-27 14:12:54',	7,	'Message 10 du sujet 26'),
(531,	36,	'2024-03-27 12:42:54',	8,	'Message 1 du sujet 36'),
(532,	36,	'2024-03-27 12:52:54',	9,	'Message 2 du sujet 36'),
(533,	36,	'2024-03-27 13:02:54',	10,	'Message 3 du sujet 36'),
(534,	36,	'2024-03-27 13:12:54',	1,	'Message 4 du sujet 36'),
(535,	36,	'2024-03-27 13:22:54',	2,	'Message 5 du sujet 36'),
(536,	36,	'2024-03-27 13:32:54',	3,	'Message 6 du sujet 36'),
(537,	36,	'2024-03-27 13:42:54',	4,	'Message 7 du sujet 36'),
(538,	36,	'2024-03-27 13:52:54',	5,	'Message 8 du sujet 36'),
(539,	36,	'2024-03-27 14:02:54',	6,	'Message 9 du sujet 36'),
(540,	36,	'2024-03-27 14:12:54',	7,	'Message 10 du sujet 36'),
(541,	46,	'2024-03-27 12:42:54',	8,	'Message 1 du sujet 46'),
(542,	46,	'2024-03-27 12:52:54',	9,	'Message 2 du sujet 46'),
(543,	46,	'2024-03-27 13:02:54',	10,	'Message 3 du sujet 46'),
(544,	46,	'2024-03-27 13:12:54',	1,	'Message 4 du sujet 46'),
(545,	46,	'2024-03-27 13:22:54',	2,	'Message 5 du sujet 46'),
(546,	46,	'2024-03-27 13:32:54',	3,	'Message 6 du sujet 46'),
(547,	46,	'2024-03-27 13:42:54',	4,	'Message 7 du sujet 46'),
(548,	46,	'2024-03-27 13:52:54',	5,	'Message 8 du sujet 46'),
(549,	46,	'2024-03-27 14:02:54',	6,	'Message 9 du sujet 46'),
(550,	46,	'2024-03-27 14:12:54',	7,	'Message 10 du sujet 46'),
(551,	56,	'2024-03-27 12:42:54',	8,	'Message 1 du sujet 56'),
(552,	56,	'2024-03-27 12:52:54',	9,	'Message 2 du sujet 56'),
(553,	56,	'2024-03-27 13:02:54',	10,	'Message 3 du sujet 56'),
(554,	56,	'2024-03-27 13:12:54',	1,	'Message 4 du sujet 56'),
(555,	56,	'2024-03-27 13:22:54',	2,	'Message 5 du sujet 56'),
(556,	56,	'2024-03-27 13:32:54',	3,	'Message 6 du sujet 56'),
(557,	56,	'2024-03-27 13:42:54',	4,	'Message 7 du sujet 56'),
(558,	56,	'2024-03-27 13:52:54',	5,	'Message 8 du sujet 56'),
(559,	56,	'2024-03-27 14:02:54',	6,	'Message 9 du sujet 56'),
(560,	56,	'2024-03-27 14:12:54',	7,	'Message 10 du sujet 56'),
(561,	66,	'2024-03-27 12:42:54',	8,	'Message 1 du sujet 66'),
(562,	66,	'2024-03-27 12:52:54',	9,	'Message 2 du sujet 66'),
(563,	66,	'2024-03-27 13:02:54',	10,	'Message 3 du sujet 66'),
(564,	66,	'2024-03-27 13:12:54',	1,	'Message 4 du sujet 66'),
(565,	66,	'2024-03-27 13:22:54',	2,	'Message 5 du sujet 66'),
(566,	66,	'2024-03-27 13:32:54',	3,	'Message 6 du sujet 66'),
(567,	66,	'2024-03-27 13:42:54',	4,	'Message 7 du sujet 66'),
(568,	66,	'2024-03-27 13:52:54',	5,	'Message 8 du sujet 66'),
(569,	66,	'2024-03-27 14:02:54',	6,	'Message 9 du sujet 66'),
(570,	66,	'2024-03-27 14:12:54',	7,	'Message 10 du sujet 66'),
(571,	76,	'2024-03-27 12:42:54',	8,	'Message 1 du sujet 76'),
(572,	76,	'2024-03-27 12:52:54',	9,	'Message 2 du sujet 76'),
(573,	76,	'2024-03-27 13:02:54',	10,	'Message 3 du sujet 76'),
(574,	76,	'2024-03-27 13:12:54',	1,	'Message 4 du sujet 76'),
(575,	76,	'2024-03-27 13:22:54',	2,	'Message 5 du sujet 76'),
(576,	76,	'2024-03-27 13:32:54',	3,	'Message 6 du sujet 76'),
(577,	76,	'2024-03-27 13:42:54',	4,	'Message 7 du sujet 76'),
(578,	76,	'2024-03-27 13:52:54',	5,	'Message 8 du sujet 76'),
(579,	76,	'2024-03-27 14:02:54',	6,	'Message 9 du sujet 76'),
(580,	76,	'2024-03-27 14:12:54',	7,	'Message 10 du sujet 76'),
(581,	86,	'2024-03-27 12:42:54',	8,	'Message 1 du sujet 86'),
(582,	86,	'2024-03-27 12:52:54',	9,	'Message 2 du sujet 86'),
(583,	86,	'2024-03-27 13:02:54',	10,	'Message 3 du sujet 86'),
(584,	86,	'2024-03-27 13:12:54',	1,	'Message 4 du sujet 86'),
(585,	86,	'2024-03-27 13:22:54',	2,	'Message 5 du sujet 86'),
(586,	86,	'2024-03-27 13:32:54',	3,	'Message 6 du sujet 86'),
(587,	86,	'2024-03-27 13:42:54',	4,	'Message 7 du sujet 86'),
(588,	86,	'2024-03-27 13:52:54',	5,	'Message 8 du sujet 86'),
(589,	86,	'2024-03-27 14:02:54',	6,	'Message 9 du sujet 86'),
(590,	86,	'2024-03-27 14:12:54',	7,	'Message 10 du sujet 86'),
(591,	96,	'2024-03-27 12:42:54',	8,	'Message 1 du sujet 96'),
(592,	96,	'2024-03-27 12:52:54',	9,	'Message 2 du sujet 96'),
(593,	96,	'2024-03-27 13:02:54',	10,	'Message 3 du sujet 96'),
(594,	96,	'2024-03-27 13:12:54',	1,	'Message 4 du sujet 96'),
(595,	96,	'2024-03-27 13:22:54',	2,	'Message 5 du sujet 96'),
(596,	96,	'2024-03-27 13:32:54',	3,	'Message 6 du sujet 96'),
(597,	96,	'2024-03-27 13:42:54',	4,	'Message 7 du sujet 96'),
(598,	96,	'2024-03-27 13:52:54',	5,	'Message 8 du sujet 96'),
(599,	96,	'2024-03-27 14:02:54',	6,	'Message 9 du sujet 96'),
(600,	96,	'2024-03-27 14:12:54',	7,	'Message 10 du sujet 96'),
(601,	7,	'2024-03-27 12:42:54',	9,	'Message 1 du sujet 7'),
(602,	7,	'2024-03-27 12:52:54',	10,	'Message 2 du sujet 7'),
(603,	7,	'2024-03-27 13:02:54',	1,	'Message 3 du sujet 7'),
(604,	7,	'2024-03-27 13:12:54',	2,	'Message 4 du sujet 7'),
(605,	7,	'2024-03-27 13:22:54',	3,	'Message 5 du sujet 7'),
(606,	7,	'2024-03-27 13:32:54',	4,	'Message 6 du sujet 7'),
(607,	7,	'2024-03-27 13:42:54',	5,	'Message 7 du sujet 7'),
(608,	7,	'2024-03-27 13:52:54',	6,	'Message 8 du sujet 7'),
(609,	7,	'2024-03-27 14:02:54',	7,	'Message 9 du sujet 7'),
(610,	7,	'2024-03-27 14:12:54',	8,	'Message 10 du sujet 7'),
(611,	17,	'2024-03-27 12:42:54',	9,	'Message 1 du sujet 17'),
(612,	17,	'2024-03-27 12:52:54',	10,	'Message 2 du sujet 17'),
(613,	17,	'2024-03-27 13:02:54',	1,	'Message 3 du sujet 17'),
(614,	17,	'2024-03-27 13:12:54',	2,	'Message 4 du sujet 17'),
(615,	17,	'2024-03-27 13:22:54',	3,	'Message 5 du sujet 17'),
(616,	17,	'2024-03-27 13:32:54',	4,	'Message 6 du sujet 17'),
(617,	17,	'2024-03-27 13:42:54',	5,	'Message 7 du sujet 17'),
(618,	17,	'2024-03-27 13:52:54',	6,	'Message 8 du sujet 17'),
(619,	17,	'2024-03-27 14:02:54',	7,	'Message 9 du sujet 17'),
(620,	17,	'2024-03-27 14:12:54',	8,	'Message 10 du sujet 17'),
(621,	27,	'2024-03-27 12:42:54',	9,	'Message 1 du sujet 27'),
(622,	27,	'2024-03-27 12:52:54',	10,	'Message 2 du sujet 27'),
(623,	27,	'2024-03-27 13:02:54',	1,	'Message 3 du sujet 27'),
(624,	27,	'2024-03-27 13:12:54',	2,	'Message 4 du sujet 27'),
(625,	27,	'2024-03-27 13:22:54',	3,	'Message 5 du sujet 27'),
(626,	27,	'2024-03-27 13:32:54',	4,	'Message 6 du sujet 27'),
(627,	27,	'2024-03-27 13:42:54',	5,	'Message 7 du sujet 27'),
(628,	27,	'2024-03-27 13:52:54',	6,	'Message 8 du sujet 27'),
(629,	27,	'2024-03-27 14:02:54',	7,	'Message 9 du sujet 27'),
(630,	27,	'2024-03-27 14:12:54',	8,	'Message 10 du sujet 27'),
(631,	37,	'2024-03-27 12:42:54',	9,	'Message 1 du sujet 37'),
(632,	37,	'2024-03-27 12:52:54',	10,	'Message 2 du sujet 37'),
(633,	37,	'2024-03-27 13:02:54',	1,	'Message 3 du sujet 37'),
(634,	37,	'2024-03-27 13:12:54',	2,	'Message 4 du sujet 37'),
(635,	37,	'2024-03-27 13:22:54',	3,	'Message 5 du sujet 37'),
(636,	37,	'2024-03-27 13:32:54',	4,	'Message 6 du sujet 37'),
(637,	37,	'2024-03-27 13:42:54',	5,	'Message 7 du sujet 37'),
(638,	37,	'2024-03-27 13:52:54',	6,	'Message 8 du sujet 37'),
(639,	37,	'2024-03-27 14:02:54',	7,	'Message 9 du sujet 37'),
(640,	37,	'2024-03-27 14:12:54',	8,	'Message 10 du sujet 37'),
(641,	47,	'2024-03-27 12:42:54',	9,	'Message 1 du sujet 47'),
(642,	47,	'2024-03-27 12:52:54',	10,	'Message 2 du sujet 47'),
(643,	47,	'2024-03-27 13:02:54',	1,	'Message 3 du sujet 47'),
(644,	47,	'2024-03-27 13:12:54',	2,	'Message 4 du sujet 47'),
(645,	47,	'2024-03-27 13:22:54',	3,	'Message 5 du sujet 47'),
(646,	47,	'2024-03-27 13:32:54',	4,	'Message 6 du sujet 47'),
(647,	47,	'2024-03-27 13:42:54',	5,	'Message 7 du sujet 47'),
(648,	47,	'2024-03-27 13:52:54',	6,	'Message 8 du sujet 47'),
(649,	47,	'2024-03-27 14:02:54',	7,	'Message 9 du sujet 47'),
(650,	47,	'2024-03-27 14:12:54',	8,	'Message 10 du sujet 47'),
(651,	57,	'2024-03-27 12:42:54',	9,	'Message 1 du sujet 57'),
(652,	57,	'2024-03-27 12:52:54',	10,	'Message 2 du sujet 57'),
(653,	57,	'2024-03-27 13:02:54',	1,	'Message 3 du sujet 57'),
(654,	57,	'2024-03-27 13:12:54',	2,	'Message 4 du sujet 57'),
(655,	57,	'2024-03-27 13:22:54',	3,	'Message 5 du sujet 57'),
(656,	57,	'2024-03-27 13:32:54',	4,	'Message 6 du sujet 57'),
(657,	57,	'2024-03-27 13:42:54',	5,	'Message 7 du sujet 57'),
(658,	57,	'2024-03-27 13:52:54',	6,	'Message 8 du sujet 57'),
(659,	57,	'2024-03-27 14:02:54',	7,	'Message 9 du sujet 57'),
(660,	57,	'2024-03-27 14:12:54',	8,	'Message 10 du sujet 57'),
(661,	67,	'2024-03-27 12:42:54',	9,	'Message 1 du sujet 67'),
(662,	67,	'2024-03-27 12:52:54',	10,	'Message 2 du sujet 67'),
(663,	67,	'2024-03-27 13:02:54',	1,	'Message 3 du sujet 67'),
(664,	67,	'2024-03-27 13:12:54',	2,	'Message 4 du sujet 67'),
(665,	67,	'2024-03-27 13:22:54',	3,	'Message 5 du sujet 67'),
(666,	67,	'2024-03-27 13:32:54',	4,	'Message 6 du sujet 67'),
(667,	67,	'2024-03-27 13:42:54',	5,	'Message 7 du sujet 67'),
(668,	67,	'2024-03-27 13:52:54',	6,	'Message 8 du sujet 67'),
(669,	67,	'2024-03-27 14:02:54',	7,	'Message 9 du sujet 67'),
(670,	67,	'2024-03-27 14:12:54',	8,	'Message 10 du sujet 67'),
(671,	77,	'2024-03-27 12:42:54',	9,	'Message 1 du sujet 77'),
(672,	77,	'2024-03-27 12:52:54',	10,	'Message 2 du sujet 77'),
(673,	77,	'2024-03-27 13:02:54',	1,	'Message 3 du sujet 77'),
(674,	77,	'2024-03-27 13:12:54',	2,	'Message 4 du sujet 77'),
(675,	77,	'2024-03-27 13:22:54',	3,	'Message 5 du sujet 77'),
(676,	77,	'2024-03-27 13:32:54',	4,	'Message 6 du sujet 77'),
(677,	77,	'2024-03-27 13:42:54',	5,	'Message 7 du sujet 77'),
(678,	77,	'2024-03-27 13:52:54',	6,	'Message 8 du sujet 77'),
(679,	77,	'2024-03-27 14:02:54',	7,	'Message 9 du sujet 77'),
(680,	77,	'2024-03-27 14:12:54',	8,	'Message 10 du sujet 77'),
(681,	87,	'2024-03-27 12:42:54',	9,	'Message 1 du sujet 87'),
(682,	87,	'2024-03-27 12:52:54',	10,	'Message 2 du sujet 87'),
(683,	87,	'2024-03-27 13:02:54',	1,	'Message 3 du sujet 87'),
(684,	87,	'2024-03-27 13:12:54',	2,	'Message 4 du sujet 87'),
(685,	87,	'2024-03-27 13:22:54',	3,	'Message 5 du sujet 87'),
(686,	87,	'2024-03-27 13:32:54',	4,	'Message 6 du sujet 87'),
(687,	87,	'2024-03-27 13:42:54',	5,	'Message 7 du sujet 87'),
(688,	87,	'2024-03-27 13:52:54',	6,	'Message 8 du sujet 87'),
(689,	87,	'2024-03-27 14:02:54',	7,	'Message 9 du sujet 87'),
(690,	87,	'2024-03-27 14:12:54',	8,	'Message 10 du sujet 87'),
(691,	97,	'2024-03-27 12:42:54',	9,	'Message 1 du sujet 97'),
(692,	97,	'2024-03-27 12:52:54',	10,	'Message 2 du sujet 97'),
(693,	97,	'2024-03-27 13:02:54',	1,	'Message 3 du sujet 97'),
(694,	97,	'2024-03-27 13:12:54',	2,	'Message 4 du sujet 97'),
(695,	97,	'2024-03-27 13:22:54',	3,	'Message 5 du sujet 97'),
(696,	97,	'2024-03-27 13:32:54',	4,	'Message 6 du sujet 97'),
(697,	97,	'2024-03-27 13:42:54',	5,	'Message 7 du sujet 97'),
(698,	97,	'2024-03-27 13:52:54',	6,	'Message 8 du sujet 97'),
(699,	97,	'2024-03-27 14:02:54',	7,	'Message 9 du sujet 97'),
(700,	97,	'2024-03-27 14:12:54',	8,	'Message 10 du sujet 97'),
(701,	8,	'2024-03-27 12:42:54',	10,	'Message 1 du sujet 8'),
(702,	8,	'2024-03-27 12:52:54',	1,	'Message 2 du sujet 8'),
(703,	8,	'2024-03-27 13:02:54',	2,	'Message 3 du sujet 8'),
(704,	8,	'2024-03-27 13:12:54',	3,	'Message 4 du sujet 8'),
(705,	8,	'2024-03-27 13:22:54',	4,	'Message 5 du sujet 8'),
(706,	8,	'2024-03-27 13:32:54',	5,	'Message 6 du sujet 8'),
(707,	8,	'2024-03-27 13:42:54',	6,	'Message 7 du sujet 8'),
(708,	8,	'2024-03-27 13:52:54',	7,	'Message 8 du sujet 8'),
(709,	8,	'2024-03-27 14:02:54',	8,	'Message 9 du sujet 8'),
(710,	8,	'2024-03-27 14:12:54',	9,	'Message 10 du sujet 8'),
(711,	18,	'2024-03-27 12:42:54',	10,	'Message 1 du sujet 18'),
(712,	18,	'2024-03-27 12:52:54',	1,	'Message 2 du sujet 18'),
(713,	18,	'2024-03-27 13:02:54',	2,	'Message 3 du sujet 18'),
(714,	18,	'2024-03-27 13:12:54',	3,	'Message 4 du sujet 18'),
(715,	18,	'2024-03-27 13:22:54',	4,	'Message 5 du sujet 18'),
(716,	18,	'2024-03-27 13:32:54',	5,	'Message 6 du sujet 18'),
(717,	18,	'2024-03-27 13:42:54',	6,	'Message 7 du sujet 18'),
(718,	18,	'2024-03-27 13:52:54',	7,	'Message 8 du sujet 18'),
(719,	18,	'2024-03-27 14:02:54',	8,	'Message 9 du sujet 18'),
(720,	18,	'2024-03-27 14:12:54',	9,	'Message 10 du sujet 18'),
(721,	28,	'2024-03-27 12:42:54',	10,	'Message 1 du sujet 28'),
(722,	28,	'2024-03-27 12:52:54',	1,	'Message 2 du sujet 28'),
(723,	28,	'2024-03-27 13:02:54',	2,	'Message 3 du sujet 28'),
(724,	28,	'2024-03-27 13:12:54',	3,	'Message 4 du sujet 28'),
(725,	28,	'2024-03-27 13:22:54',	4,	'Message 5 du sujet 28'),
(726,	28,	'2024-03-27 13:32:54',	5,	'Message 6 du sujet 28'),
(727,	28,	'2024-03-27 13:42:54',	6,	'Message 7 du sujet 28'),
(728,	28,	'2024-03-27 13:52:54',	7,	'Message 8 du sujet 28'),
(729,	28,	'2024-03-27 14:02:54',	8,	'Message 9 du sujet 28'),
(730,	28,	'2024-03-27 14:12:54',	9,	'Message 10 du sujet 28'),
(731,	38,	'2024-03-27 12:42:54',	10,	'Message 1 du sujet 38'),
(732,	38,	'2024-03-27 12:52:54',	1,	'Message 2 du sujet 38'),
(733,	38,	'2024-03-27 13:02:54',	2,	'Message 3 du sujet 38'),
(734,	38,	'2024-03-27 13:12:54',	3,	'Message 4 du sujet 38'),
(735,	38,	'2024-03-27 13:22:54',	4,	'Message 5 du sujet 38'),
(736,	38,	'2024-03-27 13:32:54',	5,	'Message 6 du sujet 38'),
(737,	38,	'2024-03-27 13:42:54',	6,	'Message 7 du sujet 38'),
(738,	38,	'2024-03-27 13:52:54',	7,	'Message 8 du sujet 38'),
(739,	38,	'2024-03-27 14:02:54',	8,	'Message 9 du sujet 38'),
(740,	38,	'2024-03-27 14:12:54',	9,	'Message 10 du sujet 38'),
(741,	48,	'2024-03-27 12:42:54',	10,	'Message 1 du sujet 48'),
(742,	48,	'2024-03-27 12:52:54',	1,	'Message 2 du sujet 48'),
(743,	48,	'2024-03-27 13:02:54',	2,	'Message 3 du sujet 48'),
(744,	48,	'2024-03-27 13:12:54',	3,	'Message 4 du sujet 48'),
(745,	48,	'2024-03-27 13:22:54',	4,	'Message 5 du sujet 48'),
(746,	48,	'2024-03-27 13:32:54',	5,	'Message 6 du sujet 48'),
(747,	48,	'2024-03-27 13:42:54',	6,	'Message 7 du sujet 48'),
(748,	48,	'2024-03-27 13:52:54',	7,	'Message 8 du sujet 48'),
(749,	48,	'2024-03-27 14:02:54',	8,	'Message 9 du sujet 48'),
(750,	48,	'2024-03-27 14:12:54',	9,	'Message 10 du sujet 48'),
(751,	58,	'2024-03-27 12:42:54',	10,	'Message 1 du sujet 58'),
(752,	58,	'2024-03-27 12:52:54',	1,	'Message 2 du sujet 58'),
(753,	58,	'2024-03-27 13:02:54',	2,	'Message 3 du sujet 58'),
(754,	58,	'2024-03-27 13:12:54',	3,	'Message 4 du sujet 58'),
(755,	58,	'2024-03-27 13:22:54',	4,	'Message 5 du sujet 58'),
(756,	58,	'2024-03-27 13:32:54',	5,	'Message 6 du sujet 58'),
(757,	58,	'2024-03-27 13:42:54',	6,	'Message 7 du sujet 58'),
(758,	58,	'2024-03-27 13:52:54',	7,	'Message 8 du sujet 58'),
(759,	58,	'2024-03-27 14:02:54',	8,	'Message 9 du sujet 58'),
(760,	58,	'2024-03-27 14:12:54',	9,	'Message 10 du sujet 58'),
(761,	68,	'2024-03-27 12:42:54',	10,	'Message 1 du sujet 68'),
(762,	68,	'2024-03-27 12:52:54',	1,	'Message 2 du sujet 68'),
(763,	68,	'2024-03-27 13:02:54',	2,	'Message 3 du sujet 68'),
(764,	68,	'2024-03-27 13:12:54',	3,	'Message 4 du sujet 68'),
(765,	68,	'2024-03-27 13:22:54',	4,	'Message 5 du sujet 68'),
(766,	68,	'2024-03-27 13:32:54',	5,	'Message 6 du sujet 68'),
(767,	68,	'2024-03-27 13:42:54',	6,	'Message 7 du sujet 68'),
(768,	68,	'2024-03-27 13:52:54',	7,	'Message 8 du sujet 68'),
(769,	68,	'2024-03-27 14:02:54',	8,	'Message 9 du sujet 68'),
(770,	68,	'2024-03-27 14:12:54',	9,	'Message 10 du sujet 68'),
(771,	78,	'2024-03-27 12:42:54',	10,	'Message 1 du sujet 78'),
(772,	78,	'2024-03-27 12:52:54',	1,	'Message 2 du sujet 78'),
(773,	78,	'2024-03-27 13:02:54',	2,	'Message 3 du sujet 78'),
(774,	78,	'2024-03-27 13:12:54',	3,	'Message 4 du sujet 78'),
(775,	78,	'2024-03-27 13:22:54',	4,	'Message 5 du sujet 78'),
(776,	78,	'2024-03-27 13:32:54',	5,	'Message 6 du sujet 78'),
(777,	78,	'2024-03-27 13:42:54',	6,	'Message 7 du sujet 78'),
(778,	78,	'2024-03-27 13:52:54',	7,	'Message 8 du sujet 78'),
(779,	78,	'2024-03-27 14:02:54',	8,	'Message 9 du sujet 78'),
(780,	78,	'2024-03-27 14:12:54',	9,	'Message 10 du sujet 78'),
(781,	88,	'2024-03-27 12:42:54',	10,	'Message 1 du sujet 88'),
(782,	88,	'2024-03-27 12:52:54',	1,	'Message 2 du sujet 88'),
(783,	88,	'2024-03-27 13:02:54',	2,	'Message 3 du sujet 88'),
(784,	88,	'2024-03-27 13:12:54',	3,	'Message 4 du sujet 88'),
(785,	88,	'2024-03-27 13:22:54',	4,	'Message 5 du sujet 88'),
(786,	88,	'2024-03-27 13:32:54',	5,	'Message 6 du sujet 88'),
(787,	88,	'2024-03-27 13:42:54',	6,	'Message 7 du sujet 88'),
(788,	88,	'2024-03-27 13:52:54',	7,	'Message 8 du sujet 88'),
(789,	88,	'2024-03-27 14:02:54',	8,	'Message 9 du sujet 88'),
(790,	88,	'2024-03-27 14:12:54',	9,	'Message 10 du sujet 88'),
(791,	98,	'2024-03-27 12:42:54',	10,	'Message 1 du sujet 98'),
(792,	98,	'2024-03-27 12:52:54',	1,	'Message 2 du sujet 98'),
(793,	98,	'2024-03-27 13:02:54',	2,	'Message 3 du sujet 98'),
(794,	98,	'2024-03-27 13:12:54',	3,	'Message 4 du sujet 98'),
(795,	98,	'2024-03-27 13:22:54',	4,	'Message 5 du sujet 98'),
(796,	98,	'2024-03-27 13:32:54',	5,	'Message 6 du sujet 98'),
(797,	98,	'2024-03-27 13:42:54',	6,	'Message 7 du sujet 98'),
(798,	98,	'2024-03-27 13:52:54',	7,	'Message 8 du sujet 98'),
(799,	98,	'2024-03-27 14:02:54',	8,	'Message 9 du sujet 98'),
(800,	98,	'2024-03-27 14:12:54',	9,	'Message 10 du sujet 98'),
(801,	9,	'2024-03-27 12:42:54',	1,	'Message 1 du sujet 9'),
(802,	9,	'2024-03-27 12:52:54',	2,	'Message 2 du sujet 9'),
(803,	9,	'2024-03-27 13:02:54',	3,	'Message 3 du sujet 9'),
(804,	9,	'2024-03-27 13:12:54',	4,	'Message 4 du sujet 9'),
(805,	9,	'2024-03-27 13:22:54',	5,	'Message 5 du sujet 9'),
(806,	9,	'2024-03-27 13:32:54',	6,	'Message 6 du sujet 9'),
(807,	9,	'2024-03-27 13:42:54',	7,	'Message 7 du sujet 9'),
(808,	9,	'2024-03-27 13:52:54',	8,	'Message 8 du sujet 9'),
(809,	9,	'2024-03-27 14:02:54',	9,	'Message 9 du sujet 9'),
(810,	9,	'2024-03-27 14:12:54',	10,	'Message 10 du sujet 9'),
(811,	19,	'2024-03-27 12:42:54',	1,	'Message 1 du sujet 19'),
(812,	19,	'2024-03-27 12:52:54',	2,	'Message 2 du sujet 19'),
(813,	19,	'2024-03-27 13:02:54',	3,	'Message 3 du sujet 19'),
(814,	19,	'2024-03-27 13:12:54',	4,	'Message 4 du sujet 19'),
(815,	19,	'2024-03-27 13:22:54',	5,	'Message 5 du sujet 19'),
(816,	19,	'2024-03-27 13:32:54',	6,	'Message 6 du sujet 19'),
(817,	19,	'2024-03-27 13:42:54',	7,	'Message 7 du sujet 19'),
(818,	19,	'2024-03-27 13:52:54',	8,	'Message 8 du sujet 19'),
(819,	19,	'2024-03-27 14:02:54',	9,	'Message 9 du sujet 19'),
(820,	19,	'2024-03-27 14:12:54',	10,	'Message 10 du sujet 19'),
(821,	29,	'2024-03-27 12:42:54',	1,	'Message 1 du sujet 29'),
(822,	29,	'2024-03-27 12:52:54',	2,	'Message 2 du sujet 29'),
(823,	29,	'2024-03-27 13:02:54',	3,	'Message 3 du sujet 29'),
(824,	29,	'2024-03-27 13:12:54',	4,	'Message 4 du sujet 29'),
(825,	29,	'2024-03-27 13:22:54',	5,	'Message 5 du sujet 29'),
(826,	29,	'2024-03-27 13:32:54',	6,	'Message 6 du sujet 29'),
(827,	29,	'2024-03-27 13:42:54',	7,	'Message 7 du sujet 29'),
(828,	29,	'2024-03-27 13:52:54',	8,	'Message 8 du sujet 29'),
(829,	29,	'2024-03-27 14:02:54',	9,	'Message 9 du sujet 29'),
(830,	29,	'2024-03-27 14:12:54',	10,	'Message 10 du sujet 29'),
(831,	39,	'2024-03-27 12:42:54',	1,	'Message 1 du sujet 39'),
(832,	39,	'2024-03-27 12:52:54',	2,	'Message 2 du sujet 39'),
(833,	39,	'2024-03-27 13:02:54',	3,	'Message 3 du sujet 39'),
(834,	39,	'2024-03-27 13:12:54',	4,	'Message 4 du sujet 39'),
(835,	39,	'2024-03-27 13:22:54',	5,	'Message 5 du sujet 39'),
(836,	39,	'2024-03-27 13:32:54',	6,	'Message 6 du sujet 39'),
(837,	39,	'2024-03-27 13:42:54',	7,	'Message 7 du sujet 39'),
(838,	39,	'2024-03-27 13:52:54',	8,	'Message 8 du sujet 39'),
(839,	39,	'2024-03-27 14:02:54',	9,	'Message 9 du sujet 39'),
(840,	39,	'2024-03-27 14:12:54',	10,	'Message 10 du sujet 39'),
(841,	49,	'2024-03-27 12:42:54',	1,	'Message 1 du sujet 49'),
(842,	49,	'2024-03-27 12:52:54',	2,	'Message 2 du sujet 49'),
(843,	49,	'2024-03-27 13:02:54',	3,	'Message 3 du sujet 49'),
(844,	49,	'2024-03-27 13:12:54',	4,	'Message 4 du sujet 49'),
(845,	49,	'2024-03-27 13:22:54',	5,	'Message 5 du sujet 49'),
(846,	49,	'2024-03-27 13:32:54',	6,	'Message 6 du sujet 49'),
(847,	49,	'2024-03-27 13:42:54',	7,	'Message 7 du sujet 49'),
(848,	49,	'2024-03-27 13:52:54',	8,	'Message 8 du sujet 49'),
(849,	49,	'2024-03-27 14:02:54',	9,	'Message 9 du sujet 49'),
(850,	49,	'2024-03-27 14:12:54',	10,	'Message 10 du sujet 49'),
(851,	59,	'2024-03-27 12:42:54',	1,	'Message 1 du sujet 59'),
(852,	59,	'2024-03-27 12:52:54',	2,	'Message 2 du sujet 59'),
(853,	59,	'2024-03-27 13:02:54',	3,	'Message 3 du sujet 59'),
(854,	59,	'2024-03-27 13:12:54',	4,	'Message 4 du sujet 59'),
(855,	59,	'2024-03-27 13:22:54',	5,	'Message 5 du sujet 59'),
(856,	59,	'2024-03-27 13:32:54',	6,	'Message 6 du sujet 59'),
(857,	59,	'2024-03-27 13:42:54',	7,	'Message 7 du sujet 59'),
(858,	59,	'2024-03-27 13:52:54',	8,	'Message 8 du sujet 59'),
(859,	59,	'2024-03-27 14:02:54',	9,	'Message 9 du sujet 59'),
(860,	59,	'2024-03-27 14:12:54',	10,	'Message 10 du sujet 59'),
(861,	69,	'2024-03-27 12:42:54',	1,	'Message 1 du sujet 69'),
(862,	69,	'2024-03-27 12:52:54',	2,	'Message 2 du sujet 69'),
(863,	69,	'2024-03-27 13:02:54',	3,	'Message 3 du sujet 69'),
(864,	69,	'2024-03-27 13:12:54',	4,	'Message 4 du sujet 69'),
(865,	69,	'2024-03-27 13:22:54',	5,	'Message 5 du sujet 69'),
(866,	69,	'2024-03-27 13:32:54',	6,	'Message 6 du sujet 69'),
(867,	69,	'2024-03-27 13:42:54',	7,	'Message 7 du sujet 69'),
(868,	69,	'2024-03-27 13:52:54',	8,	'Message 8 du sujet 69'),
(869,	69,	'2024-03-27 14:02:54',	9,	'Message 9 du sujet 69'),
(870,	69,	'2024-03-27 14:12:54',	10,	'Message 10 du sujet 69'),
(871,	79,	'2024-03-27 12:42:54',	1,	'Message 1 du sujet 79'),
(872,	79,	'2024-03-27 12:52:54',	2,	'Message 2 du sujet 79'),
(873,	79,	'2024-03-27 13:02:54',	3,	'Message 3 du sujet 79'),
(874,	79,	'2024-03-27 13:12:54',	4,	'Message 4 du sujet 79'),
(875,	79,	'2024-03-27 13:22:54',	5,	'Message 5 du sujet 79'),
(876,	79,	'2024-03-27 13:32:54',	6,	'Message 6 du sujet 79'),
(877,	79,	'2024-03-27 13:42:54',	7,	'Message 7 du sujet 79'),
(878,	79,	'2024-03-27 13:52:54',	8,	'Message 8 du sujet 79'),
(879,	79,	'2024-03-27 14:02:54',	9,	'Message 9 du sujet 79'),
(880,	79,	'2024-03-27 14:12:54',	10,	'Message 10 du sujet 79'),
(881,	89,	'2024-03-27 12:42:54',	1,	'Message 1 du sujet 89'),
(882,	89,	'2024-03-27 12:52:54',	2,	'Message 2 du sujet 89'),
(883,	89,	'2024-03-27 13:02:54',	3,	'Message 3 du sujet 89'),
(884,	89,	'2024-03-27 13:12:54',	4,	'Message 4 du sujet 89'),
(885,	89,	'2024-03-27 13:22:54',	5,	'Message 5 du sujet 89'),
(886,	89,	'2024-03-27 13:32:54',	6,	'Message 6 du sujet 89'),
(887,	89,	'2024-03-27 13:42:54',	7,	'Message 7 du sujet 89'),
(888,	89,	'2024-03-27 13:52:54',	8,	'Message 8 du sujet 89'),
(889,	89,	'2024-03-27 14:02:54',	9,	'Message 9 du sujet 89'),
(890,	89,	'2024-03-27 14:12:54',	10,	'Message 10 du sujet 89'),
(891,	99,	'2024-03-27 12:42:54',	1,	'Message 1 du sujet 99'),
(892,	99,	'2024-03-27 12:52:54',	2,	'Message 2 du sujet 99'),
(893,	99,	'2024-03-27 13:02:54',	3,	'Message 3 du sujet 99'),
(894,	99,	'2024-03-27 13:12:54',	4,	'Message 4 du sujet 99'),
(895,	99,	'2024-03-27 13:22:54',	5,	'Message 5 du sujet 99'),
(896,	99,	'2024-03-27 13:32:54',	6,	'Message 6 du sujet 99'),
(897,	99,	'2024-03-27 13:42:54',	7,	'Message 7 du sujet 99'),
(898,	99,	'2024-03-27 13:52:54',	8,	'Message 8 du sujet 99'),
(899,	99,	'2024-03-27 14:02:54',	9,	'Message 9 du sujet 99'),
(900,	99,	'2024-03-27 14:12:54',	10,	'Message 10 du sujet 99'),
(901,	10,	'2024-03-27 12:42:54',	2,	'Message 1 du sujet 10'),
(902,	10,	'2024-03-27 12:52:54',	3,	'Message 2 du sujet 10'),
(903,	10,	'2024-03-27 13:02:54',	4,	'Message 3 du sujet 10'),
(904,	10,	'2024-03-27 13:12:54',	5,	'Message 4 du sujet 10'),
(905,	10,	'2024-03-27 13:22:54',	6,	'Message 5 du sujet 10'),
(906,	10,	'2024-03-27 13:32:54',	7,	'Message 6 du sujet 10'),
(907,	10,	'2024-03-27 13:42:54',	8,	'Message 7 du sujet 10'),
(908,	10,	'2024-03-27 13:52:54',	9,	'Message 8 du sujet 10'),
(909,	10,	'2024-03-27 14:02:54',	10,	'Message 9 du sujet 10'),
(910,	10,	'2024-03-27 14:12:54',	1,	'Message 10 du sujet 10'),
(911,	20,	'2024-03-27 12:42:54',	2,	'Message 1 du sujet 20'),
(912,	20,	'2024-03-27 12:52:54',	3,	'Message 2 du sujet 20'),
(913,	20,	'2024-03-27 13:02:54',	4,	'Message 3 du sujet 20'),
(914,	20,	'2024-03-27 13:12:54',	5,	'Message 4 du sujet 20'),
(915,	20,	'2024-03-27 13:22:54',	6,	'Message 5 du sujet 20'),
(916,	20,	'2024-03-27 13:32:54',	7,	'Message 6 du sujet 20'),
(917,	20,	'2024-03-27 13:42:54',	8,	'Message 7 du sujet 20'),
(918,	20,	'2024-03-27 13:52:54',	9,	'Message 8 du sujet 20'),
(919,	20,	'2024-03-27 14:02:54',	10,	'Message 9 du sujet 20'),
(920,	20,	'2024-03-27 14:12:54',	1,	'Message 10 du sujet 20'),
(921,	30,	'2024-03-27 12:42:54',	2,	'Message 1 du sujet 30'),
(922,	30,	'2024-03-27 12:52:54',	3,	'Message 2 du sujet 30'),
(923,	30,	'2024-03-27 13:02:54',	4,	'Message 3 du sujet 30'),
(924,	30,	'2024-03-27 13:12:54',	5,	'Message 4 du sujet 30'),
(925,	30,	'2024-03-27 13:22:54',	6,	'Message 5 du sujet 30'),
(926,	30,	'2024-03-27 13:32:54',	7,	'Message 6 du sujet 30'),
(927,	30,	'2024-03-27 13:42:54',	8,	'Message 7 du sujet 30'),
(928,	30,	'2024-03-27 13:52:54',	9,	'Message 8 du sujet 30'),
(929,	30,	'2024-03-27 14:02:54',	10,	'Message 9 du sujet 30'),
(930,	30,	'2024-03-27 14:12:54',	1,	'Message 10 du sujet 30'),
(931,	40,	'2024-03-27 12:42:54',	2,	'Message 1 du sujet 40'),
(932,	40,	'2024-03-27 12:52:54',	3,	'Message 2 du sujet 40'),
(933,	40,	'2024-03-27 13:02:54',	4,	'Message 3 du sujet 40'),
(934,	40,	'2024-03-27 13:12:54',	5,	'Message 4 du sujet 40'),
(935,	40,	'2024-03-27 13:22:54',	6,	'Message 5 du sujet 40'),
(936,	40,	'2024-03-27 13:32:54',	7,	'Message 6 du sujet 40'),
(937,	40,	'2024-03-27 13:42:54',	8,	'Message 7 du sujet 40'),
(938,	40,	'2024-03-27 13:52:54',	9,	'Message 8 du sujet 40'),
(939,	40,	'2024-03-27 14:02:54',	10,	'Message 9 du sujet 40'),
(940,	40,	'2024-03-27 14:12:54',	1,	'Message 10 du sujet 40'),
(941,	50,	'2024-03-27 12:42:54',	2,	'Message 1 du sujet 50'),
(942,	50,	'2024-03-27 12:52:54',	3,	'Message 2 du sujet 50'),
(943,	50,	'2024-03-27 13:02:54',	4,	'Message 3 du sujet 50'),
(944,	50,	'2024-03-27 13:12:54',	5,	'Message 4 du sujet 50'),
(945,	50,	'2024-03-27 13:22:54',	6,	'Message 5 du sujet 50'),
(946,	50,	'2024-03-27 13:32:54',	7,	'Message 6 du sujet 50'),
(947,	50,	'2024-03-27 13:42:54',	8,	'Message 7 du sujet 50'),
(948,	50,	'2024-03-27 13:52:54',	9,	'Message 8 du sujet 50'),
(949,	50,	'2024-03-27 14:02:54',	10,	'Message 9 du sujet 50'),
(950,	50,	'2024-03-27 14:12:54',	1,	'Message 10 du sujet 50'),
(951,	60,	'2024-03-27 12:42:54',	2,	'Message 1 du sujet 60'),
(952,	60,	'2024-03-27 12:52:54',	3,	'Message 2 du sujet 60'),
(953,	60,	'2024-03-27 13:02:54',	4,	'Message 3 du sujet 60'),
(954,	60,	'2024-03-27 13:12:54',	5,	'Message 4 du sujet 60'),
(955,	60,	'2024-03-27 13:22:54',	6,	'Message 5 du sujet 60'),
(956,	60,	'2024-03-27 13:32:54',	7,	'Message 6 du sujet 60'),
(957,	60,	'2024-03-27 13:42:54',	8,	'Message 7 du sujet 60'),
(958,	60,	'2024-03-27 13:52:54',	9,	'Message 8 du sujet 60'),
(959,	60,	'2024-03-27 14:02:54',	10,	'Message 9 du sujet 60'),
(960,	60,	'2024-03-27 14:12:54',	1,	'Message 10 du sujet 60'),
(961,	70,	'2024-03-27 12:42:54',	2,	'Message 1 du sujet 70'),
(962,	70,	'2024-03-27 12:52:54',	3,	'Message 2 du sujet 70'),
(963,	70,	'2024-03-27 13:02:54',	4,	'Message 3 du sujet 70'),
(964,	70,	'2024-03-27 13:12:54',	5,	'Message 4 du sujet 70'),
(965,	70,	'2024-03-27 13:22:54',	6,	'Message 5 du sujet 70'),
(966,	70,	'2024-03-27 13:32:54',	7,	'Message 6 du sujet 70'),
(967,	70,	'2024-03-27 13:42:54',	8,	'Message 7 du sujet 70'),
(968,	70,	'2024-03-27 13:52:54',	9,	'Message 8 du sujet 70'),
(969,	70,	'2024-03-27 14:02:54',	10,	'Message 9 du sujet 70'),
(970,	70,	'2024-03-27 14:12:54',	1,	'Message 10 du sujet 70'),
(971,	80,	'2024-03-27 12:42:54',	2,	'Message 1 du sujet 80'),
(972,	80,	'2024-03-27 12:52:54',	3,	'Message 2 du sujet 80'),
(973,	80,	'2024-03-27 13:02:54',	4,	'Message 3 du sujet 80'),
(974,	80,	'2024-03-27 13:12:54',	5,	'Message 4 du sujet 80'),
(975,	80,	'2024-03-27 13:22:54',	6,	'Message 5 du sujet 80'),
(976,	80,	'2024-03-27 13:32:54',	7,	'Message 6 du sujet 80'),
(977,	80,	'2024-03-27 13:42:54',	8,	'Message 7 du sujet 80'),
(978,	80,	'2024-03-27 13:52:54',	9,	'Message 8 du sujet 80'),
(979,	80,	'2024-03-27 14:02:54',	10,	'Message 9 du sujet 80'),
(980,	80,	'2024-03-27 14:12:54',	1,	'Message 10 du sujet 80'),
(981,	90,	'2024-03-27 12:42:54',	2,	'Message 1 du sujet 90'),
(982,	90,	'2024-03-27 12:52:54',	3,	'Message 2 du sujet 90'),
(983,	90,	'2024-03-27 13:02:54',	4,	'Message 3 du sujet 90'),
(984,	90,	'2024-03-27 13:12:54',	5,	'Message 4 du sujet 90'),
(985,	90,	'2024-03-27 13:22:54',	6,	'Message 5 du sujet 90'),
(986,	90,	'2024-03-27 13:32:54',	7,	'Message 6 du sujet 90'),
(987,	90,	'2024-03-27 13:42:54',	8,	'Message 7 du sujet 90'),
(988,	90,	'2024-03-27 13:52:54',	9,	'Message 8 du sujet 90'),
(989,	90,	'2024-03-27 14:02:54',	10,	'Message 9 du sujet 90'),
(990,	90,	'2024-03-27 14:12:54',	1,	'Message 10 du sujet 90'),
(991,	100,	'2024-03-27 12:42:54',	2,	'Message 1 du sujet 100'),
(992,	100,	'2024-03-27 12:52:54',	3,	'Message 2 du sujet 100'),
(993,	100,	'2024-03-27 13:02:54',	4,	'Message 3 du sujet 100'),
(994,	100,	'2024-03-27 13:12:54',	5,	'Message 4 du sujet 100'),
(995,	100,	'2024-03-27 13:22:54',	6,	'Message 5 du sujet 100'),
(996,	100,	'2024-03-27 13:32:54',	7,	'Message 6 du sujet 100'),
(997,	100,	'2024-03-27 13:42:54',	8,	'Message 7 du sujet 100'),
(998,	100,	'2024-03-27 13:52:54',	9,	'Message 8 du sujet 100'),
(999,	100,	'2024-03-27 14:02:54',	10,	'Message 9 du sujet 100'),
(1000,	100,	'2024-03-27 14:12:54',	1,	'Message 10 du sujet 100');

INSERT INTO `Sujets` (`id`, `forum_id`, `nom`, `message_initial`) VALUES
(1,	1,	'Sujet 1 - Forum 1',	'Message initial du sujet 1 - Forum 1'),
(2,	2,	'Sujet 1 - Forum 2',	'Message initial du sujet 1 - Forum 2'),
(3,	3,	'Sujet 1 - Forum 3',	'Message initial du sujet 1 - Forum 3'),
(4,	4,	'Sujet 1 - Forum 4',	'Message initial du sujet 1 - Forum 4'),
(5,	5,	'Sujet 1 - Forum 5',	'Message initial du sujet 1 - Forum 5'),
(6,	6,	'Sujet 1 - Forum 6',	'Message initial du sujet 1 - Forum 6'),
(7,	7,	'Sujet 1 - Forum 7',	'Message initial du sujet 1 - Forum 7'),
(8,	8,	'Sujet 1 - Forum 8',	'Message initial du sujet 1 - Forum 8'),
(9,	9,	'Sujet 1 - Forum 9',	'Message initial du sujet 1 - Forum 9'),
(10,	10,	'Sujet 1 - Forum 10',	'Message initial du sujet 1 - Forum 10'),
(11,	1,	'Sujet 2 - Forum 1',	'Message initial du sujet 2 - Forum 1'),
(12,	2,	'Sujet 2 - Forum 2',	'Message initial du sujet 2 - Forum 2'),
(13,	3,	'Sujet 2 - Forum 3',	'Message initial du sujet 2 - Forum 3'),
(14,	4,	'Sujet 2 - Forum 4',	'Message initial du sujet 2 - Forum 4'),
(15,	5,	'Sujet 2 - Forum 5',	'Message initial du sujet 2 - Forum 5'),
(16,	6,	'Sujet 2 - Forum 6',	'Message initial du sujet 2 - Forum 6'),
(17,	7,	'Sujet 2 - Forum 7',	'Message initial du sujet 2 - Forum 7'),
(18,	8,	'Sujet 2 - Forum 8',	'Message initial du sujet 2 - Forum 8'),
(19,	9,	'Sujet 2 - Forum 9',	'Message initial du sujet 2 - Forum 9'),
(20,	10,	'Sujet 2 - Forum 10',	'Message initial du sujet 2 - Forum 10'),
(21,	1,	'Sujet 3 - Forum 1',	'Message initial du sujet 3 - Forum 1'),
(22,	2,	'Sujet 3 - Forum 2',	'Message initial du sujet 3 - Forum 2'),
(23,	3,	'Sujet 3 - Forum 3',	'Message initial du sujet 3 - Forum 3'),
(24,	4,	'Sujet 3 - Forum 4',	'Message initial du sujet 3 - Forum 4'),
(25,	5,	'Sujet 3 - Forum 5',	'Message initial du sujet 3 - Forum 5'),
(26,	6,	'Sujet 3 - Forum 6',	'Message initial du sujet 3 - Forum 6'),
(27,	7,	'Sujet 3 - Forum 7',	'Message initial du sujet 3 - Forum 7'),
(28,	8,	'Sujet 3 - Forum 8',	'Message initial du sujet 3 - Forum 8'),
(29,	9,	'Sujet 3 - Forum 9',	'Message initial du sujet 3 - Forum 9'),
(30,	10,	'Sujet 3 - Forum 10',	'Message initial du sujet 3 - Forum 10'),
(31,	1,	'Sujet 4 - Forum 1',	'Message initial du sujet 4 - Forum 1'),
(32,	2,	'Sujet 4 - Forum 2',	'Message initial du sujet 4 - Forum 2'),
(33,	3,	'Sujet 4 - Forum 3',	'Message initial du sujet 4 - Forum 3'),
(34,	4,	'Sujet 4 - Forum 4',	'Message initial du sujet 4 - Forum 4'),
(35,	5,	'Sujet 4 - Forum 5',	'Message initial du sujet 4 - Forum 5'),
(36,	6,	'Sujet 4 - Forum 6',	'Message initial du sujet 4 - Forum 6'),
(37,	7,	'Sujet 4 - Forum 7',	'Message initial du sujet 4 - Forum 7'),
(38,	8,	'Sujet 4 - Forum 8',	'Message initial du sujet 4 - Forum 8'),
(39,	9,	'Sujet 4 - Forum 9',	'Message initial du sujet 4 - Forum 9'),
(40,	10,	'Sujet 4 - Forum 10',	'Message initial du sujet 4 - Forum 10'),
(41,	1,	'Sujet 5 - Forum 1',	'Message initial du sujet 5 - Forum 1'),
(42,	2,	'Sujet 5 - Forum 2',	'Message initial du sujet 5 - Forum 2'),
(43,	3,	'Sujet 5 - Forum 3',	'Message initial du sujet 5 - Forum 3'),
(44,	4,	'Sujet 5 - Forum 4',	'Message initial du sujet 5 - Forum 4'),
(45,	5,	'Sujet 5 - Forum 5',	'Message initial du sujet 5 - Forum 5'),
(46,	6,	'Sujet 5 - Forum 6',	'Message initial du sujet 5 - Forum 6'),
(47,	7,	'Sujet 5 - Forum 7',	'Message initial du sujet 5 - Forum 7'),
(48,	8,	'Sujet 5 - Forum 8',	'Message initial du sujet 5 - Forum 8'),
(49,	9,	'Sujet 5 - Forum 9',	'Message initial du sujet 5 - Forum 9'),
(50,	10,	'Sujet 5 - Forum 10',	'Message initial du sujet 5 - Forum 10'),
(51,	1,	'Sujet 6 - Forum 1',	'Message initial du sujet 6 - Forum 1'),
(52,	2,	'Sujet 6 - Forum 2',	'Message initial du sujet 6 - Forum 2'),
(53,	3,	'Sujet 6 - Forum 3',	'Message initial du sujet 6 - Forum 3'),
(54,	4,	'Sujet 6 - Forum 4',	'Message initial du sujet 6 - Forum 4'),
(55,	5,	'Sujet 6 - Forum 5',	'Message initial du sujet 6 - Forum 5'),
(56,	6,	'Sujet 6 - Forum 6',	'Message initial du sujet 6 - Forum 6'),
(57,	7,	'Sujet 6 - Forum 7',	'Message initial du sujet 6 - Forum 7'),
(58,	8,	'Sujet 6 - Forum 8',	'Message initial du sujet 6 - Forum 8'),
(59,	9,	'Sujet 6 - Forum 9',	'Message initial du sujet 6 - Forum 9'),
(60,	10,	'Sujet 6 - Forum 10',	'Message initial du sujet 6 - Forum 10'),
(61,	1,	'Sujet 7 - Forum 1',	'Message initial du sujet 7 - Forum 1'),
(62,	2,	'Sujet 7 - Forum 2',	'Message initial du sujet 7 - Forum 2'),
(63,	3,	'Sujet 7 - Forum 3',	'Message initial du sujet 7 - Forum 3'),
(64,	4,	'Sujet 7 - Forum 4',	'Message initial du sujet 7 - Forum 4'),
(65,	5,	'Sujet 7 - Forum 5',	'Message initial du sujet 7 - Forum 5'),
(66,	6,	'Sujet 7 - Forum 6',	'Message initial du sujet 7 - Forum 6'),
(67,	7,	'Sujet 7 - Forum 7',	'Message initial du sujet 7 - Forum 7'),
(68,	8,	'Sujet 7 - Forum 8',	'Message initial du sujet 7 - Forum 8'),
(69,	9,	'Sujet 7 - Forum 9',	'Message initial du sujet 7 - Forum 9'),
(70,	10,	'Sujet 7 - Forum 10',	'Message initial du sujet 7 - Forum 10'),
(71,	1,	'Sujet 8 - Forum 1',	'Message initial du sujet 8 - Forum 1'),
(72,	2,	'Sujet 8 - Forum 2',	'Message initial du sujet 8 - Forum 2'),
(73,	3,	'Sujet 8 - Forum 3',	'Message initial du sujet 8 - Forum 3'),
(74,	4,	'Sujet 8 - Forum 4',	'Message initial du sujet 8 - Forum 4'),
(75,	5,	'Sujet 8 - Forum 5',	'Message initial du sujet 8 - Forum 5'),
(76,	6,	'Sujet 8 - Forum 6',	'Message initial du sujet 8 - Forum 6'),
(77,	7,	'Sujet 8 - Forum 7',	'Message initial du sujet 8 - Forum 7'),
(78,	8,	'Sujet 8 - Forum 8',	'Message initial du sujet 8 - Forum 8'),
(79,	9,	'Sujet 8 - Forum 9',	'Message initial du sujet 8 - Forum 9'),
(80,	10,	'Sujet 8 - Forum 10',	'Message initial du sujet 8 - Forum 10'),
(81,	1,	'Sujet 9 - Forum 1',	'Message initial du sujet 9 - Forum 1'),
(82,	2,	'Sujet 9 - Forum 2',	'Message initial du sujet 9 - Forum 2'),
(83,	3,	'Sujet 9 - Forum 3',	'Message initial du sujet 9 - Forum 3'),
(84,	4,	'Sujet 9 - Forum 4',	'Message initial du sujet 9 - Forum 4'),
(85,	5,	'Sujet 9 - Forum 5',	'Message initial du sujet 9 - Forum 5'),
(86,	6,	'Sujet 9 - Forum 6',	'Message initial du sujet 9 - Forum 6'),
(87,	7,	'Sujet 9 - Forum 7',	'Message initial du sujet 9 - Forum 7'),
(88,	8,	'Sujet 9 - Forum 8',	'Message initial du sujet 9 - Forum 8'),
(89,	9,	'Sujet 9 - Forum 9',	'Message initial du sujet 9 - Forum 9'),
(90,	10,	'Sujet 9 - Forum 10',	'Message initial du sujet 9 - Forum 10'),
(91,	1,	'Sujet 10 - Forum 1',	'Message initial du sujet 10 - Forum 1'),
(92,	2,	'Sujet 10 - Forum 2',	'Message initial du sujet 10 - Forum 2'),
(93,	3,	'Sujet 10 - Forum 3',	'Message initial du sujet 10 - Forum 3'),
(94,	4,	'Sujet 10 - Forum 4',	'Message initial du sujet 10 - Forum 4'),
(95,	5,	'Sujet 10 - Forum 5',	'Message initial du sujet 10 - Forum 5'),
(96,	6,	'Sujet 10 - Forum 6',	'Message initial du sujet 10 - Forum 6'),
(97,	7,	'Sujet 10 - Forum 7',	'Message initial du sujet 10 - Forum 7'),
(98,	8,	'Sujet 10 - Forum 8',	'Message initial du sujet 10 - Forum 8'),
(99,	9,	'Sujet 10 - Forum 9',	'Message initial du sujet 10 - Forum 9'),
(100,	10,	'Sujet 10 - Forum 10',	'Message initial du sujet 10 - Forum 10');


INSERT INTO `Users` (`id`, `nom`, `password`, `admin`) VALUES
(1,	'brozer',	'$2y$10$5k4rTczAKP1P.GhalJzIJuY.Za8/NX5WABEPDmX6ZfNe7MoxYGaqy',	CONV('0', 2, 10) + 0),
(2,	'admin',	'$2y$10$SolbpHXV9i/MsB3enCXGbeDP7MBzY5kKxoijiqYM8BD9KsRPkKdGG',	CONV('1', 2, 10) + 0);

-- 2024-03-27 14:13:34
